event_source,event_id,event_name,ticker,asset_name,node,current_evidence_level,supporting_case_ids,historical_case_asset_types,historical_case_assets,close_match_rule_triggered,possible_unrecognized_direct_support,classification,reason
evaluation_cases,eval_russia_europe_gas_disruption,eval_russia_europe_gas_disruption,ENB,Enbridge Inc,pipeline_infrastructure,sector_proxy,case_2009_russia_ukraine_gas_transit_dispute;case_2022_nord_stream_pipeline_sabotage,gas utilities;pipeline operators;chemical producers;industrial manufacturers;LNG suppliers;natural gas;LNG infrastructure;utilities;manufacturers,Ukraine gas transit routes;European gas storage;energy-intensive manufacturing;LNG procurement options;European gas infrastructure;LNG import capacity;power generation inputs,False,True,possible_false_downgrade,"Supporting cases contain asset-type/category text overlapping the asset/node metadata, but the current direct historical support rules did not upgrade this exposure."
evaluation_cases,eval_russia_europe_gas_disruption,eval_russia_europe_gas_disruption,TRP.TO,TC Energy Corporation,pipeline_infrastructure,sector_proxy,case_2009_russia_ukraine_gas_transit_dispute;case_2022_nord_stream_pipeline_sabotage,gas utilities;pipeline operators;chemical producers;industrial manufacturers;LNG suppliers;natural gas;LNG infrastructure;utilities;manufacturers,Ukraine gas transit routes;European gas storage;energy-intensive manufacturing;LNG procurement options;European gas infrastructure;LNG import capacity;power generation inputs,False,True,possible_false_downgrade,"Supporting cases contain asset-type/category text overlapping the asset/node metadata, but the current direct historical support rules did not upgrade this exposure."
evaluation_cases,eval_natural_gas_fertilizer_shock,eval_natural_gas_fertilizer_shock,CHRW,C H Robinson Worldwide Inc,customs,sector_proxy,case_2021_belarus_potash_sanctions;case_2022_russia_fertilizer_export_restrictions,fertilizer producers;agricultural commodities;grain producers;logistics providers;food producers;agribusiness firms;grain traders,Belarus potash exports;fertilizer import supply chains;agricultural input costs;Baltic port logistics;nitrogen and potash fertilizer flows;Brazil crop input supply;agricultural logistics;food production input costs,False,True,possible_false_downgrade,"Supporting cases contain asset-type/category text overlapping the asset/node metadata, but the current direct historical support rules did not upgrade this exposure."
evaluation_cases,eval_natural_gas_fertilizer_shock,eval_natural_gas_fertilizer_shock,DHL.DE,DHL Group,trade_lanes,sector_proxy,case_2021_belarus_potash_sanctions;case_2022_russia_fertilizer_export_restrictions,fertilizer producers;agricultural commodities;grain producers;logistics providers;food producers;agribusiness firms;grain traders,Belarus potash exports;fertilizer import supply chains;agricultural input costs;Baltic port logistics;nitrogen and potash fertilizer flows;Brazil crop input supply;agricultural logistics;food production input costs,False,True,possible_false_downgrade,"Supporting cases contain asset-type/category text overlapping the asset/node metadata, but the current direct historical support rules did not upgrade this exposure."
evaluation_cases,eval_natural_gas_fertilizer_shock,eval_natural_gas_fertilizer_shock,DSGX,The Descartes Systems Group Inc,customs,sector_proxy,case_2021_belarus_potash_sanctions;case_2022_russia_fertilizer_export_restrictions,fertilizer producers;agricultural commodities;grain producers;logistics providers;food producers;agribusiness firms;grain traders,Belarus potash exports;fertilizer import supply chains;agricultural input costs;Baltic port logistics;nitrogen and potash fertilizer flows;Brazil crop input supply;agricultural logistics;food production input costs,False,True,possible_false_downgrade,"Supporting cases contain asset-type/category text overlapping the asset/node metadata, but the current direct historical support rules did not upgrade this exposure."
evaluation_cases,eval_natural_gas_fertilizer_shock,eval_natural_gas_fertilizer_shock,EXPD,Expeditors International of Washington Inc,trade_lanes,sector_proxy,case_2021_belarus_potash_sanctions;case_2022_russia_fertilizer_export_restrictions,fertilizer producers;agricultural commodities;grain producers;logistics providers;food producers;agribusiness firms;grain traders,Belarus potash exports;fertilizer import supply chains;agricultural input costs;Baltic port logistics;nitrogen and potash fertilizer flows;Brazil crop input supply;agricultural logistics;food production input costs,False,True,possible_false_downgrade,"Supporting cases contain asset-type/category text overlapping the asset/node metadata, but the current direct historical support rules did not upgrade this exposure."
evaluation_cases,eval_natural_gas_fertilizer_shock,eval_natural_gas_fertilizer_shock,JBHT,J B Hunt Transport Services Inc,logistics,sector_proxy,case_2021_belarus_potash_sanctions;case_2022_russia_fertilizer_export_restrictions,fertilizer producers;agricultural commodities;grain producers;logistics providers;food producers;agribusiness firms;grain traders,Belarus potash exports;fertilizer import supply chains;agricultural input costs;Baltic port logistics;nitrogen and potash fertilizer flows;Brazil crop input supply;agricultural logistics;food production input costs,False,True,possible_false_downgrade,"Supporting cases contain asset-type/category text overlapping the asset/node metadata, but the current direct historical support rules did not upgrade this exposure."
evaluation_cases,eval_natural_gas_fertilizer_shock,eval_natural_gas_fertilizer_shock,KNIN.SW,Kuehne + Nagel International AG,logistics,sector_proxy,case_2021_belarus_potash_sanctions;case_2022_russia_fertilizer_export_restrictions,fertilizer producers;agricultural commodities;grain producers;logistics providers;food producers;agribusiness firms;grain traders,Belarus potash exports;fertilizer import supply chains;agricultural input costs;Baltic port logistics;nitrogen and potash fertilizer flows;Brazil crop input supply;agricultural logistics;food production input costs,False,True,possible_false_downgrade,"Supporting cases contain asset-type/category text overlapping the asset/node metadata, but the current direct historical support rules did not upgrade this exposure."
evaluation_cases,eval_us_china_tariffs,eval_us_china_tariffs,PICK,iShares MSCI Global Metals & Mining Producers ETF,critical_minerals,sector_proxy,case_2024_ev_tariff_escalation_china;case_2021_xinjiang_forced_labor_import_restrictions,EV manufacturers;battery suppliers;solar equipment producers;logistics providers;manufacturers;solar equipment manufacturers;electronics importers;retailers;customs brokers,EV import flows;battery component supply chains;solar equipment imports;clean technology manufacturing inputs;solar module supply chains;polysilicon-linked inputs;electronics imports;customs compliance workflows,False,True,possible_false_downgrade,"Supporting cases contain asset-type/category text overlapping the asset/node metadata, but the current direct historical support rules did not upgrade this exposure."
evaluation_cases,eval_us_china_tariffs,eval_us_china_tariffs,REMX,VanEck Rare Earth and Strategic Metals ETF,critical_minerals,sector_proxy,case_2024_ev_tariff_escalation_china;case_2021_xinjiang_forced_labor_import_restrictions,EV manufacturers;battery suppliers;solar equipment producers;logistics providers;manufacturers;solar equipment manufacturers;electronics importers;retailers;customs brokers,EV import flows;battery component supply chains;solar equipment imports;clean technology manufacturing inputs;solar module supply chains;polysilicon-linked inputs;electronics imports;customs compliance workflows,False,True,possible_false_downgrade,"Supporting cases contain asset-type/category text overlapping the asset/node metadata, but the current direct historical support rules did not upgrade this exposure."
evaluation_cases,eval_huawei_entity_list,eval_huawei_entity_list,CAT,Caterpillar Inc,manufacturing_inputs,sector_proxy,case_2020_smic_entity_list_semiconductor_controls;case_2019_huawei_entity_list,semiconductor equipment suppliers;foundries;EDA software providers;electronics manufacturers;data center hardware suppliers;telecom equipment vendors;semiconductor suppliers;software providers;5G infrastructure;consumer electronics,China foundry capacity;chip equipment licenses;EDA design workflows;electronics manufacturing inputs;Huawei supply chain;US chip suppliers;mobile device software ecosystems;telecom carrier procurement plans,False,True,possible_false_downgrade,"Supporting cases contain asset-type/category text overlapping the asset/node metadata, but the current direct historical support rules did not upgrade this exposure."
evaluation_cases,eval_huawei_entity_list,eval_huawei_entity_list,DE,Deere & Company,manufacturing_inputs,sector_proxy,case_2020_smic_entity_list_semiconductor_controls;case_2019_huawei_entity_list,semiconductor equipment suppliers;foundries;EDA software providers;electronics manufacturers;data center hardware suppliers;telecom equipment vendors;semiconductor suppliers;software providers;5G infrastructure;consumer electronics,China foundry capacity;chip equipment licenses;EDA design workflows;electronics manufacturing inputs;Huawei supply chain;US chip suppliers;mobile device software ecosystems;telecom carrier procurement plans,False,True,possible_false_downgrade,"Supporting cases contain asset-type/category text overlapping the asset/node metadata, but the current direct historical support rules did not upgrade this exposure."
evaluation_cases,eval_dutch_asml_export_controls,eval_dutch_asml_export_controls,CAT,Caterpillar Inc,manufacturing_inputs,sector_proxy,case_2020_smic_entity_list_semiconductor_controls;case_2023_japan_chip_equipment_export_controls,semiconductor equipment suppliers;foundries;EDA software providers;electronics manufacturers;data center hardware suppliers;AI chip designers;data center operators,China foundry capacity;chip equipment licenses;EDA design workflows;electronics manufacturing inputs;Japanese chipmaking tools;advanced foundry capacity;AI accelerator supply chains;data center hardware procurement,False,True,possible_false_downgrade,"Supporting cases contain asset-type/category text overlapping the asset/node metadata, but the current direct historical support rules did not upgrade this exposure."
evaluation_cases,eval_dutch_asml_export_controls,eval_dutch_asml_export_controls,DE,Deere & Company,manufacturing_inputs,sector_proxy,case_2020_smic_entity_list_semiconductor_controls;case_2023_japan_chip_equipment_export_controls,semiconductor equipment suppliers;foundries;EDA software providers;electronics manufacturers;data center hardware suppliers;AI chip designers;data center operators,China foundry capacity;chip equipment licenses;EDA design workflows;electronics manufacturing inputs;Japanese chipmaking tools;advanced foundry capacity;AI accelerator supply chains;data center hardware procurement,False,True,possible_false_downgrade,"Supporting cases contain asset-type/category text overlapping the asset/node metadata, but the current direct historical support rules did not upgrade this exposure."
evaluation_cases,eval_black_sea_grain_export_disruption,eval_black_sea_grain_export_disruption,CB,Chubb Limited,marine_insurance,sector_proxy,case_2023_black_sea_shipping_insurance_restrictions;case_2023_red_sea_attacks,grain traders;shipping companies;marine insurers;food producers;agricultural commodities;shipping equities;freight rates;energy transport;import-dependent retailers,Ukrainian grain exports;Black Sea shipping routes;marine war-risk insurance;grain import supply chains;container carriers;tanker operators;marine insurance underwriters;European importers;Asian exporters,False,True,possible_false_downgrade,"Supporting cases contain asset-type/category text overlapping the asset/node metadata, but the current direct historical support rules did not upgrade this exposure."
evaluation_cases,eval_black_sea_grain_export_disruption,eval_black_sea_grain_export_disruption,TRV,The Travelers Companies Inc,marine_insurance,sector_proxy,case_2023_black_sea_shipping_insurance_restrictions;case_2023_red_sea_attacks,grain traders;shipping companies;marine insurers;food producers;agricultural commodities;shipping equities;freight rates;energy transport;import-dependent retailers,Ukrainian grain exports;Black Sea shipping routes;marine war-risk insurance;grain import supply chains;container carriers;tanker operators;marine insurance underwriters;European importers;Asian exporters,False,True,possible_false_downgrade,"Supporting cases contain asset-type/category text overlapping the asset/node metadata, but the current direct historical support rules did not upgrade this exposure."
evaluation_cases,eval_cyber_port_pipeline_disruption,eval_cyber_port_pipeline_disruption,CAT,Caterpillar Inc,manufacturing_inputs,sector_proxy,case_2023_port_of_nagoya_cyberattack;case_2017_notpetya_shipping_logistics_cyberattack,port operators;logistics providers;automakers;cybersecurity companies;manufacturers;shipping companies;cybersecurity providers,container terminal operations;automotive parts logistics;port scheduling systems;cybersecurity services;container booking systems;terminal operations;global freight schedules;manufacturing delivery networks,False,True,possible_false_downgrade,"Supporting cases contain asset-type/category text overlapping the asset/node metadata, but the current direct historical support rules did not upgrade this exposure."
evaluation_cases,eval_cyber_port_pipeline_disruption,eval_cyber_port_pipeline_disruption,DE,Deere & Company,manufacturing_inputs,sector_proxy,case_2023_port_of_nagoya_cyberattack;case_2017_notpetya_shipping_logistics_cyberattack,port operators;logistics providers;automakers;cybersecurity companies;manufacturers;shipping companies;cybersecurity providers,container terminal operations;automotive parts logistics;port scheduling systems;cybersecurity services;container booking systems;terminal operations;global freight schedules;manufacturing delivery networks,False,True,possible_false_downgrade,"Supporting cases contain asset-type/category text overlapping the asset/node metadata, but the current direct historical support rules did not upgrade this exposure."
evaluation_cases,eval_food_export_grain_restriction,eval_food_export_grain_restriction,CHRW,C H Robinson Worldwide Inc,customs,sector_proxy,case_2022_india_wheat_export_ban;case_2008_rice_export_restrictions_food_security,grain traders;agricultural commodities;food producers;logistics providers;fertilizer producers;agricultural processors;commodity funds,wheat export flows;grain import supply chains;food manufacturing inputs;agricultural logistics;rice export flows;grain import procurement;food processing inputs;agricultural trade lanes,False,True,possible_false_downgrade,"Supporting cases contain asset-type/category text overlapping the asset/node metadata, but the current direct historical support rules did not upgrade this exposure."
evaluation_cases,eval_food_export_grain_restriction,eval_food_export_grain_restriction,DBA,Invesco DB Agriculture Fund,food_export_controls,sector_proxy,case_2022_india_wheat_export_ban;case_2008_rice_export_restrictions_food_security,grain traders;agricultural commodities;food producers;logistics providers;fertilizer producers;agricultural processors;commodity funds,wheat export flows;grain import supply chains;food manufacturing inputs;agricultural logistics;rice export flows;grain import procurement;food processing inputs;agricultural trade lanes,False,True,possible_false_downgrade,"Supporting cases contain asset-type/category text overlapping the asset/node metadata, but the current direct historical support rules did not upgrade this exposure."
evaluation_cases,eval_food_export_grain_restriction,eval_food_export_grain_restriction,DHL.DE,DHL Group,trade_lanes,sector_proxy,case_2022_india_wheat_export_ban;case_2008_rice_export_restrictions_food_security,grain traders;agricultural commodities;food producers;logistics providers;fertilizer producers;agricultural processors;commodity funds,wheat export flows;grain import supply chains;food manufacturing inputs;agricultural logistics;rice export flows;grain import procurement;food processing inputs;agricultural trade lanes,False,True,possible_false_downgrade,"Supporting cases contain asset-type/category text overlapping the asset/node metadata, but the current direct historical support rules did not upgrade this exposure."
evaluation_cases,eval_food_export_grain_restriction,eval_food_export_grain_restriction,DSGX,The Descartes Systems Group Inc,customs,sector_proxy,case_2022_india_wheat_export_ban;case_2008_rice_export_restrictions_food_security,grain traders;agricultural commodities;food producers;logistics providers;fertilizer producers;agricultural processors;commodity funds,wheat export flows;grain import supply chains;food manufacturing inputs;agricultural logistics;rice export flows;grain import procurement;food processing inputs;agricultural trade lanes,False,True,possible_false_downgrade,"Supporting cases contain asset-type/category text overlapping the asset/node metadata, but the current direct historical support rules did not upgrade this exposure."
evaluation_cases,eval_food_export_grain_restriction,eval_food_export_grain_restriction,EXPD,Expeditors International of Washington Inc,trade_lanes,sector_proxy,case_2022_india_wheat_export_ban;case_2008_rice_export_restrictions_food_security,grain traders;agricultural commodities;food producers;logistics providers;fertilizer producers;agricultural processors;commodity funds,wheat export flows;grain import supply chains;food manufacturing inputs;agricultural logistics;rice export flows;grain import procurement;food processing inputs;agricultural trade lanes,False,True,possible_false_downgrade,"Supporting cases contain asset-type/category text overlapping the asset/node metadata, but the current direct historical support rules did not upgrade this exposure."
evaluation_cases,eval_food_export_grain_restriction,eval_food_export_grain_restriction,WEAT,Teucrium Wheat Fund,food_export_controls,sector_proxy,case_2022_india_wheat_export_ban;case_2008_rice_export_restrictions_food_security,grain traders;agricultural commodities;food producers;logistics providers;fertilizer producers;agricultural processors;commodity funds,wheat export flows;grain import supply chains;food manufacturing inputs;agricultural logistics;rice export flows;grain import procurement;food processing inputs;agricultural trade lanes,False,True,possible_false_downgrade,"Supporting cases contain asset-type/category text overlapping the asset/node metadata, but the current direct historical support rules did not upgrade this exposure."
hard_evaluation_cases,hard_semiconductor_controls_paraphrased,hard_semiconductor_controls_paraphrased,CAT,Caterpillar Inc,manufacturing_inputs,sector_proxy,case_2023_japan_chip_equipment_export_controls;case_2019_huawei_entity_list,semiconductor equipment suppliers;foundries;AI chip designers;electronics manufacturers;data center operators;telecom equipment vendors;semiconductor suppliers;software providers;5G infrastructure;consumer electronics,Japanese chipmaking tools;advanced foundry capacity;AI accelerator supply chains;data center hardware procurement;Huawei supply chain;US chip suppliers;mobile device software ecosystems;telecom carrier procurement plans,False,True,possible_false_downgrade,"Supporting cases contain asset-type/category text overlapping the asset/node metadata, but the current direct historical support rules did not upgrade this exposure."
hard_evaluation_cases,hard_semiconductor_controls_paraphrased,hard_semiconductor_controls_paraphrased,DE,Deere & Company,manufacturing_inputs,sector_proxy,case_2023_japan_chip_equipment_export_controls;case_2019_huawei_entity_list,semiconductor equipment suppliers;foundries;AI chip designers;electronics manufacturers;data center operators;telecom equipment vendors;semiconductor suppliers;software providers;5G infrastructure;consumer electronics,Japanese chipmaking tools;advanced foundry capacity;AI accelerator supply chains;data center hardware procurement;Huawei supply chain;US chip suppliers;mobile device software ecosystems;telecom carrier procurement plans,False,True,possible_false_downgrade,"Supporting cases contain asset-type/category text overlapping the asset/node metadata, but the current direct historical support rules did not upgrade this exposure."
hard_evaluation_cases,hard_hormuz_ambiguous_energy_shipping,hard_hormuz_ambiguous_energy_shipping,CB,Chubb Limited,marine_insurance,sector_proxy,case_hormuz_tanker_tensions;case_2023_red_sea_attacks,crude oil;LNG;tanker operators;energy producers;refiners;marine insurers;shipping equities;freight rates;energy transport;import-dependent retailers,Persian Gulf crude exports;LNG cargoes from Qatar;tanker fleets;oil importers;refining margins;container carriers;tanker operators;marine insurance underwriters;European importers;Asian exporters,False,True,possible_false_downgrade,"Supporting cases contain asset-type/category text overlapping the asset/node metadata, but the current direct historical support rules did not upgrade this exposure."
hard_evaluation_cases,hard_hormuz_ambiguous_energy_shipping,hard_hormuz_ambiguous_energy_shipping,TRV,The Travelers Companies Inc,marine_insurance,sector_proxy,case_hormuz_tanker_tensions;case_2023_red_sea_attacks,crude oil;LNG;tanker operators;energy producers;refiners;marine insurers;shipping equities;freight rates;energy transport;import-dependent retailers,Persian Gulf crude exports;LNG cargoes from Qatar;tanker fleets;oil importers;refining margins;container carriers;tanker operators;marine insurance underwriters;European importers;Asian exporters,False,True,possible_false_downgrade,"Supporting cases contain asset-type/category text overlapping the asset/node metadata, but the current direct historical support rules did not upgrade this exposure."
hard_evaluation_cases,hard_taiwan_semiconductor_indirect,hard_taiwan_semiconductor_indirect,ITA,iShares U S Aerospace & Defense ETF,defense,sector_proxy,case_taiwan_strait_semiconductor_risk;case_2024_taiwan_strait_drills_semiconductor_supply,semiconductor foundries;advanced chip designers;electronics manufacturers;data center suppliers;defense contractors;AI chip designers;semiconductor equipment companies,Taiwan semiconductor fabrication capacity;advanced GPU supply chains;consumer electronics supply chains;cloud data center hardware;Taiwan advanced foundry capacity;AI accelerator supply chains;semiconductor equipment demand planning;electronics hardware supply,False,True,possible_false_downgrade,"Supporting cases contain asset-type/category text overlapping the asset/node metadata, but the current direct historical support rules did not upgrade this exposure."
hard_evaluation_cases,hard_taiwan_semiconductor_indirect,hard_taiwan_semiconductor_indirect,LMT,Lockheed Martin Corporation,defense,sector_proxy,case_taiwan_strait_semiconductor_risk;case_2024_taiwan_strait_drills_semiconductor_supply,semiconductor foundries;advanced chip designers;electronics manufacturers;data center suppliers;defense contractors;AI chip designers;semiconductor equipment companies,Taiwan semiconductor fabrication capacity;advanced GPU supply chains;consumer electronics supply chains;cloud data center hardware;Taiwan advanced foundry capacity;AI accelerator supply chains;semiconductor equipment demand planning;electronics hardware supply,False,True,possible_false_downgrade,"Supporting cases contain asset-type/category text overlapping the asset/node metadata, but the current direct historical support rules did not upgrade this exposure."
validation_v3,v3_20250404_china_rare_earth_export_controls,China imposes rare-earth export controls after U.S. tariff escalation,ITA,iShares U S Aerospace & Defense ETF,defense,sector_proxy,case_rare_earth_export_restriction_risk;case_2010_china_japan_rare_earth_embargo,rare earth miners;magnet producers;EV supply chains;wind turbine manufacturers;defense electronics suppliers;rare earth producers;electronics manufacturers;automakers;defense contractors;clean technology manufacturers,rare earth oxide supply;permanent magnet supply chains;EV motor components;wind turbine components;defense sensor components;magnet materials;electronics components;defense and automotive supply chains,False,True,possible_false_downgrade,"Supporting cases contain asset-type/category text overlapping the asset/node metadata, but the current direct historical support rules did not upgrade this exposure."
validation_v3,v3_20250404_china_rare_earth_export_controls,China imposes rare-earth export controls after U.S. tariff escalation,LMT,Lockheed Martin Corporation,defense,sector_proxy,case_rare_earth_export_restriction_risk;case_2010_china_japan_rare_earth_embargo,rare earth miners;magnet producers;EV supply chains;wind turbine manufacturers;defense electronics suppliers;rare earth producers;electronics manufacturers;automakers;defense contractors;clean technology manufacturers,rare earth oxide supply;permanent magnet supply chains;EV motor components;wind turbine components;defense sensor components;magnet materials;electronics components;defense and automotive supply chains,False,True,possible_false_downgrade,"Supporting cases contain asset-type/category text overlapping the asset/node metadata, but the current direct historical support rules did not upgrade this exposure."
validation_v3,v3_20250225_copper_import_investigation,U.S. launches Section 232 investigation into copper import dependence,DHL.DE,DHL Group,trade_lanes,sector_proxy,case_2023_panama_cobre_mine_closure;case_2021_xinjiang_forced_labor_import_restrictions,miners;industrial manufacturers;battery supply chains;port operators;commodity traders;solar equipment manufacturers;electronics importers;retailers;logistics providers;customs brokers,Panama copper concentrate supply;mine export logistics;industrial copper inputs;battery and grid supply chains;solar module supply chains;polysilicon-linked inputs;electronics imports;customs compliance workflows,False,True,possible_false_downgrade,"Supporting cases contain asset-type/category text overlapping the asset/node metadata, but the current direct historical support rules did not upgrade this exposure."
validation_v3,v3_20250225_copper_import_investigation,U.S. launches Section 232 investigation into copper import dependence,EXPD,Expeditors International of Washington Inc,trade_lanes,sector_proxy,case_2023_panama_cobre_mine_closure;case_2021_xinjiang_forced_labor_import_restrictions,miners;industrial manufacturers;battery supply chains;port operators;commodity traders;solar equipment manufacturers;electronics importers;retailers;logistics providers;customs brokers,Panama copper concentrate supply;mine export logistics;industrial copper inputs;battery and grid supply chains;solar module supply chains;polysilicon-linked inputs;electronics imports;customs compliance workflows,False,True,possible_false_downgrade,"Supporting cases contain asset-type/category text overlapping the asset/node metadata, but the current direct historical support rules did not upgrade this exposure."
validation_v3,v3_20240624_eu_russian_lng_transshipment_ban,EU sanctions package bans Russian LNG transshipment services through EU territory,EUFN,iShares MSCI Europe Financials ETF,financial_sanctions,sector_proxy,case_2023_arctic_lng_russian_energy_shipping_sanctions;case_2014_crimea_financial_sanctions,LNG carriers;energy producers;marine insurers;banks;gas utilities;shipbuilders;energy companies;industrial exporters;trade finance providers;logistics firms,Russian Arctic LNG cargoes;ice-class LNG carrier availability;energy trade finance;marine insurance coverage;Asian LNG procurement;Russia-linked trade finance;cross-border payment flows;energy-sector financing;sanctions compliance systems,False,True,possible_false_downgrade,"Supporting cases contain asset-type/category text overlapping the asset/node metadata, but the current direct historical support rules did not upgrade this exposure."
validation_v3,v3_20240624_eu_russian_lng_transshipment_ban,EU sanctions package bans Russian LNG transshipment services through EU territory,MA,Mastercard Incorporated,payment_networks,sector_proxy,case_2023_arctic_lng_russian_energy_shipping_sanctions;case_2014_crimea_financial_sanctions,LNG carriers;energy producers;marine insurers;banks;gas utilities;shipbuilders;energy companies;industrial exporters;trade finance providers;logistics firms,Russian Arctic LNG cargoes;ice-class LNG carrier availability;energy trade finance;marine insurance coverage;Asian LNG procurement;Russia-linked trade finance;cross-border payment flows;energy-sector financing;sanctions compliance systems,False,True,possible_false_downgrade,"Supporting cases contain asset-type/category text overlapping the asset/node metadata, but the current direct historical support rules did not upgrade this exposure."
validation_v3,v3_20240624_eu_russian_lng_transshipment_ban,EU sanctions package bans Russian LNG transshipment services through EU territory,V,Visa Inc,payment_networks,sector_proxy,case_2023_arctic_lng_russian_energy_shipping_sanctions;case_2014_crimea_financial_sanctions,LNG carriers;energy producers;marine insurers;banks;gas utilities;shipbuilders;energy companies;industrial exporters;trade finance providers;logistics firms,Russian Arctic LNG cargoes;ice-class LNG carrier availability;energy trade finance;marine insurance coverage;Asian LNG procurement;Russia-linked trade finance;cross-border payment flows;energy-sector financing;sanctions compliance systems,False,True,possible_false_downgrade,"Supporting cases contain asset-type/category text overlapping the asset/node metadata, but the current direct historical support rules did not upgrade this exposure."
validation_v3,v3_20240624_eu_russian_lng_transshipment_ban,EU sanctions package bans Russian LNG transshipment services through EU territory,XLF,Financial Select Sector SPDR Fund,financial_sanctions,sector_proxy,case_2023_arctic_lng_russian_energy_shipping_sanctions;case_2014_crimea_financial_sanctions,LNG carriers;energy producers;marine insurers;banks;gas utilities;shipbuilders;energy companies;industrial exporters;trade finance providers;logistics firms,Russian Arctic LNG cargoes;ice-class LNG carrier availability;energy trade finance;marine insurance coverage;Asian LNG procurement;Russia-linked trade finance;cross-border payment flows;energy-sector financing;sanctions compliance systems,False,True,possible_false_downgrade,"Supporting cases contain asset-type/category text overlapping the asset/node metadata, but the current direct historical support rules did not upgrade this exposure."
validation_v3,v3_20240306_true_confidence_attack,Houthi anti-ship missile strikes M/V True Confidence in Gulf of Aden,ITA,iShares U S Aerospace & Defense ETF,defense,sector_proxy,case_1987_1988_tanker_war_reflagging;case_2023_south_china_sea_shipping_tensions,tanker operators;energy producers;marine insurers;logistics providers;defense contractors;container shipping companies;electronics manufacturers,Persian Gulf tanker routes;crude oil cargo schedules;marine war-risk insurance;energy shipping logistics;South China Sea trade lanes;Asia container shipping routes;marine insurance coverage;regional electronics supply chains,False,True,possible_false_downgrade,"Supporting cases contain asset-type/category text overlapping the asset/node metadata, but the current direct historical support rules did not upgrade this exposure."
validation_v3,v3_20240306_true_confidence_attack,Houthi anti-ship missile strikes M/V True Confidence in Gulf of Aden,LMT,Lockheed Martin Corporation,defense,sector_proxy,case_1987_1988_tanker_war_reflagging;case_2023_south_china_sea_shipping_tensions,tanker operators;energy producers;marine insurers;logistics providers;defense contractors;container shipping companies;electronics manufacturers,Persian Gulf tanker routes;crude oil cargo schedules;marine war-risk insurance;energy shipping logistics;South China Sea trade lanes;Asia container shipping routes;marine insurance coverage;regional electronics supply chains,False,True,possible_false_downgrade,"Supporting cases contain asset-type/category text overlapping the asset/node metadata, but the current direct historical support rules did not upgrade this exposure."
validation_v3,v3_20241203_iran_shadow_fleet_sanctions,U.S. sanctions Iranian shadow-fleet petroleum transport entities and vessels,EUFN,iShares MSCI Europe Financials ETF,financial_sanctions,sector_proxy,case_2018_iran_oil_sanctions_reimposition;case_2019_cosco_shipping_sanctions_tanker_market;case_2018_iran_swift_restrictions,crude oil;tanker operators;refiners;marine insurers;banks;petrochemical producers;energy traders;freight brokers;payment networks;oil shippers,Iranian crude exports;oil tanker routes;refinery feedstock sourcing;shipping insurance services;trade finance channels;crude tanker chartering;sanctions-screened oil cargoes;marine insurance approvals;energy trade payments;Iran oil trade payments;cross-border banking channels;oil shipping compliance documentation,False,True,possible_false_downgrade,"Supporting cases contain asset-type/category text overlapping the asset/node metadata, but the current direct historical support rules did not upgrade this exposure."
validation_v3,v3_20241203_iran_shadow_fleet_sanctions,U.S. sanctions Iranian shadow-fleet petroleum transport entities and vessels,MA,Mastercard Incorporated,payment_networks,sector_proxy,case_2018_iran_oil_sanctions_reimposition;case_2019_cosco_shipping_sanctions_tanker_market;case_2018_iran_swift_restrictions,crude oil;tanker operators;refiners;marine insurers;banks;petrochemical producers;energy traders;freight brokers;payment networks;oil shippers,Iranian crude exports;oil tanker routes;refinery feedstock sourcing;shipping insurance services;trade finance channels;crude tanker chartering;sanctions-screened oil cargoes;marine insurance approvals;energy trade payments;Iran oil trade payments;cross-border banking channels;oil shipping compliance documentation,False,True,possible_false_downgrade,"Supporting cases contain asset-type/category text overlapping the asset/node metadata, but the current direct historical support rules did not upgrade this exposure."
validation_v3,v3_20241203_iran_shadow_fleet_sanctions,U.S. sanctions Iranian shadow-fleet petroleum transport entities and vessels,V,Visa Inc,payment_networks,sector_proxy,case_2018_iran_oil_sanctions_reimposition;case_2019_cosco_shipping_sanctions_tanker_market;case_2018_iran_swift_restrictions,crude oil;tanker operators;refiners;marine insurers;banks;petrochemical producers;energy traders;freight brokers;payment networks;oil shippers,Iranian crude exports;oil tanker routes;refinery feedstock sourcing;shipping insurance services;trade finance channels;crude tanker chartering;sanctions-screened oil cargoes;marine insurance approvals;energy trade payments;Iran oil trade payments;cross-border banking channels;oil shipping compliance documentation,False,True,possible_false_downgrade,"Supporting cases contain asset-type/category text overlapping the asset/node metadata, but the current direct historical support rules did not upgrade this exposure."
validation_v3,v3_20241203_iran_shadow_fleet_sanctions,U.S. sanctions Iranian shadow-fleet petroleum transport entities and vessels,XLF,Financial Select Sector SPDR Fund,financial_sanctions,sector_proxy,case_2018_iran_oil_sanctions_reimposition;case_2019_cosco_shipping_sanctions_tanker_market;case_2018_iran_swift_restrictions,crude oil;tanker operators;refiners;marine insurers;banks;petrochemical producers;energy traders;freight brokers;payment networks;oil shippers,Iranian crude exports;oil tanker routes;refinery feedstock sourcing;shipping insurance services;trade finance channels;crude tanker chartering;sanctions-screened oil cargoes;marine insurance approvals;energy trade payments;Iran oil trade payments;cross-border banking channels;oil shipping compliance documentation,False,True,possible_false_downgrade,"Supporting cases contain asset-type/category text overlapping the asset/node metadata, but the current direct historical support rules did not upgrade this exposure."
validation_v3,v3_20241203_iran_shadow_fleet_sanctions,U.S. sanctions Iranian shadow-fleet petroleum transport entities and vessels,CHRW,C H Robinson Worldwide Inc,customs,sector_proxy,case_2019_cosco_shipping_sanctions_tanker_market;case_2018_iran_swift_restrictions,tanker operators;marine insurers;energy traders;banks;freight brokers;payment networks;oil shippers,crude tanker chartering;sanctions-screened oil cargoes;marine insurance approvals;energy trade payments;Iran oil trade payments;cross-border banking channels;oil shipping compliance documentation,False,True,possible_false_downgrade,"Supporting cases contain asset-type/category text overlapping the asset/node metadata, but the current direct historical support rules did not upgrade this exposure."
validation_v3,v3_20241203_iran_shadow_fleet_sanctions,U.S. sanctions Iranian shadow-fleet petroleum transport entities and vessels,DHL.DE,DHL Group,trade_lanes,sector_proxy,case_2019_cosco_shipping_sanctions_tanker_market;case_2018_iran_swift_restrictions,tanker operators;marine insurers;energy traders;banks;freight brokers;payment networks;oil shippers,crude tanker chartering;sanctions-screened oil cargoes;marine insurance approvals;energy trade payments;Iran oil trade payments;cross-border banking channels;oil shipping compliance documentation,False,True,possible_false_downgrade,"Supporting cases contain asset-type/category text overlapping the asset/node metadata, but the current direct historical support rules did not upgrade this exposure."
validation_v3,v3_20241203_iran_shadow_fleet_sanctions,U.S. sanctions Iranian shadow-fleet petroleum transport entities and vessels,DSGX,The Descartes Systems Group Inc,customs,sector_proxy,case_2019_cosco_shipping_sanctions_tanker_market;case_2018_iran_swift_restrictions,tanker operators;marine insurers;energy traders;banks;freight brokers;payment networks;oil shippers,crude tanker chartering;sanctions-screened oil cargoes;marine insurance approvals;energy trade payments;Iran oil trade payments;cross-border banking channels;oil shipping compliance documentation,False,True,possible_false_downgrade,"Supporting cases contain asset-type/category text overlapping the asset/node metadata, but the current direct historical support rules did not upgrade this exposure."
validation_v3,v3_20241203_iran_shadow_fleet_sanctions,U.S. sanctions Iranian shadow-fleet petroleum transport entities and vessels,EXPD,Expeditors International of Washington Inc,trade_lanes,sector_proxy,case_2019_cosco_shipping_sanctions_tanker_market;case_2018_iran_swift_restrictions,tanker operators;marine insurers;energy traders;banks;freight brokers;payment networks;oil shippers,crude tanker chartering;sanctions-screened oil cargoes;marine insurance approvals;energy trade payments;Iran oil trade payments;cross-border banking channels;oil shipping compliance documentation,False,True,possible_false_downgrade,"Supporting cases contain asset-type/category text overlapping the asset/node metadata, but the current direct historical support rules did not upgrade this exposure."
validation_v3,v3_20240223_sovcomflot_sanctions,U.S. sanctions Sovcomflot and tankers tied to Russian oil shipping,EUFN,iShares MSCI Europe Financials ETF,financial_sanctions,sector_proxy,case_2023_arctic_lng_russian_energy_shipping_sanctions;case_2019_venezuela_oil_sanctions;case_2018_iran_oil_sanctions_reimposition,LNG carriers;energy producers;marine insurers;banks;gas utilities;shipbuilders;heavy crude;refiners;tanker operators;crude oil;petrochemical producers,Russian Arctic LNG cargoes;ice-class LNG carrier availability;energy trade finance;marine insurance coverage;Asian LNG procurement;Venezuelan crude exports;US Gulf Coast refinery feedstocks;oil shipping routes;trade finance services;Iranian crude exports;oil tanker routes;refinery feedstock sourcing;shipping insurance services;trade finance channels,False,False,clearly_proxy_or_uncertain,Current evidence rule treats this as sector_proxy because supporting cases support the node/channel but do not directly name the exact asset or a recognized close-match category.
validation_v3,v3_20240223_sovcomflot_sanctions,U.S. sanctions Sovcomflot and tankers tied to Russian oil shipping,MA,Mastercard Incorporated,payment_networks,sector_proxy,case_2023_arctic_lng_russian_energy_shipping_sanctions;case_2019_venezuela_oil_sanctions;case_2018_iran_oil_sanctions_reimposition,LNG carriers;energy producers;marine insurers;banks;gas utilities;shipbuilders;heavy crude;refiners;tanker operators;crude oil;petrochemical producers,Russian Arctic LNG cargoes;ice-class LNG carrier availability;energy trade finance;marine insurance coverage;Asian LNG procurement;Venezuelan crude exports;US Gulf Coast refinery feedstocks;oil shipping routes;trade finance services;Iranian crude exports;oil tanker routes;refinery feedstock sourcing;shipping insurance services;trade finance channels,False,True,possible_false_downgrade,"Supporting cases contain asset-type/category text overlapping the asset/node metadata, but the current direct historical support rules did not upgrade this exposure."
validation_v3,v3_20240223_sovcomflot_sanctions,U.S. sanctions Sovcomflot and tankers tied to Russian oil shipping,V,Visa Inc,payment_networks,sector_proxy,case_2023_arctic_lng_russian_energy_shipping_sanctions;case_2019_venezuela_oil_sanctions;case_2018_iran_oil_sanctions_reimposition,LNG carriers;energy producers;marine insurers;banks;gas utilities;shipbuilders;heavy crude;refiners;tanker operators;crude oil;petrochemical producers,Russian Arctic LNG cargoes;ice-class LNG carrier availability;energy trade finance;marine insurance coverage;Asian LNG procurement;Venezuelan crude exports;US Gulf Coast refinery feedstocks;oil shipping routes;trade finance services;Iranian crude exports;oil tanker routes;refinery feedstock sourcing;shipping insurance services;trade finance channels,False,True,possible_false_downgrade,"Supporting cases contain asset-type/category text overlapping the asset/node metadata, but the current direct historical support rules did not upgrade this exposure."
validation_v3,v3_20240223_sovcomflot_sanctions,U.S. sanctions Sovcomflot and tankers tied to Russian oil shipping,XLF,Financial Select Sector SPDR Fund,financial_sanctions,sector_proxy,case_2023_arctic_lng_russian_energy_shipping_sanctions;case_2019_venezuela_oil_sanctions;case_2018_iran_oil_sanctions_reimposition,LNG carriers;energy producers;marine insurers;banks;gas utilities;shipbuilders;heavy crude;refiners;tanker operators;crude oil;petrochemical producers,Russian Arctic LNG cargoes;ice-class LNG carrier availability;energy trade finance;marine insurance coverage;Asian LNG procurement;Venezuelan crude exports;US Gulf Coast refinery feedstocks;oil shipping routes;trade finance services;Iranian crude exports;oil tanker routes;refinery feedstock sourcing;shipping insurance services;trade finance channels,False,False,clearly_proxy_or_uncertain,Current evidence rule treats this as sector_proxy because supporting cases support the node/channel but do not directly name the exact asset or a recognized close-match category.
validation_v3,v3_20240223_sovcomflot_sanctions,U.S. sanctions Sovcomflot and tankers tied to Russian oil shipping,CB,Chubb Limited,marine_insurance,sector_proxy,case_2023_arctic_lng_russian_energy_shipping_sanctions;case_2018_iran_oil_sanctions_reimposition,LNG carriers;energy producers;marine insurers;banks;gas utilities;shipbuilders;crude oil;tanker operators;refiners;petrochemical producers,Russian Arctic LNG cargoes;ice-class LNG carrier availability;energy trade finance;marine insurance coverage;Asian LNG procurement;Iranian crude exports;oil tanker routes;refinery feedstock sourcing;shipping insurance services;trade finance channels,False,True,possible_false_downgrade,"Supporting cases contain asset-type/category text overlapping the asset/node metadata, but the current direct historical support rules did not upgrade this exposure."
validation_v3,v3_20240223_sovcomflot_sanctions,U.S. sanctions Sovcomflot and tankers tied to Russian oil shipping,TRV,The Travelers Companies Inc,marine_insurance,sector_proxy,case_2023_arctic_lng_russian_energy_shipping_sanctions;case_2018_iran_oil_sanctions_reimposition,LNG carriers;energy producers;marine insurers;banks;gas utilities;shipbuilders;crude oil;tanker operators;refiners;petrochemical producers,Russian Arctic LNG cargoes;ice-class LNG carrier availability;energy trade finance;marine insurance coverage;Asian LNG procurement;Iranian crude exports;oil tanker routes;refinery feedstock sourcing;shipping insurance services;trade finance channels,False,True,possible_false_downgrade,"Supporting cases contain asset-type/category text overlapping the asset/node metadata, but the current direct historical support rules did not upgrade this exposure."
validation_v3,v3_20240913_ustr_section301_tariffs_final,USTR finalizes China Section 301 tariff modifications after four-year review,ALB,Albemarle Corporation,battery_materials,sector_proxy,case_2024_ev_tariff_escalation_china;case_2023_china_graphite_battery_export_controls,EV manufacturers;battery suppliers;solar equipment producers;logistics providers;manufacturers;battery material producers;graphite miners;critical mineral processors;electronics supply chains,EV import flows;battery component supply chains;solar equipment imports;clean technology manufacturing inputs;graphite anode materials;battery cell inputs;EV battery supply chains;critical mineral processing capacity,False,True,possible_false_downgrade,"Supporting cases contain asset-type/category text overlapping the asset/node metadata, but the current direct historical support rules did not upgrade this exposure."
validation_v3,v3_20240913_ustr_section301_tariffs_final,USTR finalizes China Section 301 tariff modifications after four-year review,LIT,Global X Lithium & Battery Tech ETF,battery_materials,sector_proxy,case_2024_ev_tariff_escalation_china;case_2023_china_graphite_battery_export_controls,EV manufacturers;battery suppliers;solar equipment producers;logistics providers;manufacturers;battery material producers;graphite miners;critical mineral processors;electronics supply chains,EV import flows;battery component supply chains;solar equipment imports;clean technology manufacturing inputs;graphite anode materials;battery cell inputs;EV battery supply chains;critical mineral processing capacity,False,True,possible_false_downgrade,"Supporting cases contain asset-type/category text overlapping the asset/node metadata, but the current direct historical support rules did not upgrade this exposure."
validation_v3,v3_20250730_copper_tariffs,U.S. imposes Section 232 tariffs on copper products,DHL.DE,DHL Group,trade_lanes,sector_proxy,case_2023_panama_cobre_mine_closure;case_2024_ev_tariff_escalation_china;case_2021_xinjiang_forced_labor_import_restrictions,miners;industrial manufacturers;battery supply chains;port operators;commodity traders;EV manufacturers;battery suppliers;solar equipment producers;logistics providers;manufacturers;solar equipment manufacturers;electronics importers;retailers;customs brokers,Panama copper concentrate supply;mine export logistics;industrial copper inputs;battery and grid supply chains;EV import flows;battery component supply chains;solar equipment imports;clean technology manufacturing inputs;solar module supply chains;polysilicon-linked inputs;electronics imports;customs compliance workflows,False,True,possible_false_downgrade,"Supporting cases contain asset-type/category text overlapping the asset/node metadata, but the current direct historical support rules did not upgrade this exposure."
validation_v3,v3_20250730_copper_tariffs,U.S. imposes Section 232 tariffs on copper products,EXPD,Expeditors International of Washington Inc,trade_lanes,sector_proxy,case_2023_panama_cobre_mine_closure;case_2024_ev_tariff_escalation_china;case_2021_xinjiang_forced_labor_import_restrictions,miners;industrial manufacturers;battery supply chains;port operators;commodity traders;EV manufacturers;battery suppliers;solar equipment producers;logistics providers;manufacturers;solar equipment manufacturers;electronics importers;retailers;customs brokers,Panama copper concentrate supply;mine export logistics;industrial copper inputs;battery and grid supply chains;EV import flows;battery component supply chains;solar equipment imports;clean technology manufacturing inputs;solar module supply chains;polysilicon-linked inputs;electronics imports;customs compliance workflows,False,True,possible_false_downgrade,"Supporting cases contain asset-type/category text overlapping the asset/node metadata, but the current direct historical support rules did not upgrade this exposure."
validation_v3,v3_20250730_copper_tariffs,U.S. imposes Section 232 tariffs on copper products,ALB,Albemarle Corporation,battery_materials,sector_proxy,case_2023_panama_cobre_mine_closure;case_2024_ev_tariff_escalation_china,miners;industrial manufacturers;battery supply chains;port operators;commodity traders;EV manufacturers;battery suppliers;solar equipment producers;logistics providers;manufacturers,Panama copper concentrate supply;mine export logistics;industrial copper inputs;battery and grid supply chains;EV import flows;battery component supply chains;solar equipment imports;clean technology manufacturing inputs,False,True,possible_false_downgrade,"Supporting cases contain asset-type/category text overlapping the asset/node metadata, but the current direct historical support rules did not upgrade this exposure."
validation_v3,v3_20250730_copper_tariffs,U.S. imposes Section 232 tariffs on copper products,LIT,Global X Lithium & Battery Tech ETF,battery_materials,sector_proxy,case_2023_panama_cobre_mine_closure;case_2024_ev_tariff_escalation_china,miners;industrial manufacturers;battery supply chains;port operators;commodity traders;EV manufacturers;battery suppliers;solar equipment producers;logistics providers;manufacturers,Panama copper concentrate supply;mine export logistics;industrial copper inputs;battery and grid supply chains;EV import flows;battery component supply chains;solar equipment imports;clean technology manufacturing inputs,False,True,possible_false_downgrade,"Supporting cases contain asset-type/category text overlapping the asset/node metadata, but the current direct historical support rules did not upgrade this exposure."
validation_v3,v3_20250730_copper_tariffs,U.S. imposes Section 232 tariffs on copper products,JBHT,J B Hunt Transport Services Inc,logistics,sector_proxy,case_2024_ev_tariff_escalation_china;case_2021_xinjiang_forced_labor_import_restrictions,EV manufacturers;battery suppliers;solar equipment producers;logistics providers;manufacturers;solar equipment manufacturers;electronics importers;retailers;customs brokers,EV import flows;battery component supply chains;solar equipment imports;clean technology manufacturing inputs;solar module supply chains;polysilicon-linked inputs;electronics imports;customs compliance workflows,False,True,possible_false_downgrade,"Supporting cases contain asset-type/category text overlapping the asset/node metadata, but the current direct historical support rules did not upgrade this exposure."
validation_v3,v3_20250730_copper_tariffs,U.S. imposes Section 232 tariffs on copper products,KNIN.SW,Kuehne + Nagel International AG,logistics,sector_proxy,case_2024_ev_tariff_escalation_china;case_2021_xinjiang_forced_labor_import_restrictions,EV manufacturers;battery suppliers;solar equipment producers;logistics providers;manufacturers;solar equipment manufacturers;electronics importers;retailers;customs brokers,EV import flows;battery component supply chains;solar equipment imports;clean technology manufacturing inputs;solar module supply chains;polysilicon-linked inputs;electronics imports;customs compliance workflows,False,True,possible_false_downgrade,"Supporting cases contain asset-type/category text overlapping the asset/node metadata, but the current direct historical support rules did not upgrade this exposure."
validation_v3,v3_20240821_sounion_tanker_attack,MV Sounion oil tanker attacked in the Red Sea,XLE,Energy Select Sector SPDR Fund,energy,sector_proxy,case_1987_1988_tanker_war_reflagging;case_hormuz_tanker_tensions,tanker operators;energy producers;marine insurers;logistics providers;defense contractors;crude oil;LNG;refiners,Persian Gulf tanker routes;crude oil cargo schedules;marine war-risk insurance;energy shipping logistics;Persian Gulf crude exports;LNG cargoes from Qatar;tanker fleets;oil importers;refining margins,False,True,possible_false_downgrade,"Supporting cases contain asset-type/category text overlapping the asset/node metadata, but the current direct historical support rules did not upgrade this exposure."
validation_v3,v3_20240821_sounion_tanker_attack,MV Sounion oil tanker attacked in the Red Sea,XOM,Exxon Mobil Corporation,energy,sector_proxy,case_1987_1988_tanker_war_reflagging;case_hormuz_tanker_tensions,tanker operators;energy producers;marine insurers;logistics providers;defense contractors;crude oil;LNG;refiners,Persian Gulf tanker routes;crude oil cargo schedules;marine war-risk insurance;energy shipping logistics;Persian Gulf crude exports;LNG cargoes from Qatar;tanker fleets;oil importers;refining margins,False,True,possible_false_downgrade,"Supporting cases contain asset-type/category text overlapping the asset/node metadata, but the current direct historical support rules did not upgrade this exposure."
validation_v3,v3_20250110_us_russia_oil_sanctions,U.S. sanctions Russian oil producers and shadow-fleet vessels,EUFN,iShares MSCI Europe Financials ETF,financial_sanctions,sector_proxy,case_2023_arctic_lng_russian_energy_shipping_sanctions;case_2018_iran_oil_sanctions_reimposition;case_2019_venezuela_oil_sanctions,LNG carriers;energy producers;marine insurers;banks;gas utilities;shipbuilders;crude oil;tanker operators;refiners;petrochemical producers;heavy crude,Russian Arctic LNG cargoes;ice-class LNG carrier availability;energy trade finance;marine insurance coverage;Asian LNG procurement;Iranian crude exports;oil tanker routes;refinery feedstock sourcing;shipping insurance services;trade finance channels;Venezuelan crude exports;US Gulf Coast refinery feedstocks;oil shipping routes;trade finance services,False,False,clearly_proxy_or_uncertain,Current evidence rule treats this as sector_proxy because supporting cases support the node/channel but do not directly name the exact asset or a recognized close-match category.
validation_v3,v3_20250110_us_russia_oil_sanctions,U.S. sanctions Russian oil producers and shadow-fleet vessels,MA,Mastercard Incorporated,payment_networks,sector_proxy,case_2023_arctic_lng_russian_energy_shipping_sanctions;case_2018_iran_oil_sanctions_reimposition;case_2019_venezuela_oil_sanctions,LNG carriers;energy producers;marine insurers;banks;gas utilities;shipbuilders;crude oil;tanker operators;refiners;petrochemical producers;heavy crude,Russian Arctic LNG cargoes;ice-class LNG carrier availability;energy trade finance;marine insurance coverage;Asian LNG procurement;Iranian crude exports;oil tanker routes;refinery feedstock sourcing;shipping insurance services;trade finance channels;Venezuelan crude exports;US Gulf Coast refinery feedstocks;oil shipping routes;trade finance services,False,True,possible_false_downgrade,"Supporting cases contain asset-type/category text overlapping the asset/node metadata, but the current direct historical support rules did not upgrade this exposure."
validation_v3,v3_20250110_us_russia_oil_sanctions,U.S. sanctions Russian oil producers and shadow-fleet vessels,V,Visa Inc,payment_networks,sector_proxy,case_2023_arctic_lng_russian_energy_shipping_sanctions;case_2018_iran_oil_sanctions_reimposition;case_2019_venezuela_oil_sanctions,LNG carriers;energy producers;marine insurers;banks;gas utilities;shipbuilders;crude oil;tanker operators;refiners;petrochemical producers;heavy crude,Russian Arctic LNG cargoes;ice-class LNG carrier availability;energy trade finance;marine insurance coverage;Asian LNG procurement;Iranian crude exports;oil tanker routes;refinery feedstock sourcing;shipping insurance services;trade finance channels;Venezuelan crude exports;US Gulf Coast refinery feedstocks;oil shipping routes;trade finance services,False,True,possible_false_downgrade,"Supporting cases contain asset-type/category text overlapping the asset/node metadata, but the current direct historical support rules did not upgrade this exposure."
validation_v3,v3_20250110_us_russia_oil_sanctions,U.S. sanctions Russian oil producers and shadow-fleet vessels,XLF,Financial Select Sector SPDR Fund,financial_sanctions,sector_proxy,case_2023_arctic_lng_russian_energy_shipping_sanctions;case_2018_iran_oil_sanctions_reimposition;case_2019_venezuela_oil_sanctions,LNG carriers;energy producers;marine insurers;banks;gas utilities;shipbuilders;crude oil;tanker operators;refiners;petrochemical producers;heavy crude,Russian Arctic LNG cargoes;ice-class LNG carrier availability;energy trade finance;marine insurance coverage;Asian LNG procurement;Iranian crude exports;oil tanker routes;refinery feedstock sourcing;shipping insurance services;trade finance channels;Venezuelan crude exports;US Gulf Coast refinery feedstocks;oil shipping routes;trade finance services,False,False,clearly_proxy_or_uncertain,Current evidence rule treats this as sector_proxy because supporting cases support the node/channel but do not directly name the exact asset or a recognized close-match category.
validation_v3,v3_20250110_us_russia_oil_sanctions,U.S. sanctions Russian oil producers and shadow-fleet vessels,CB,Chubb Limited,marine_insurance,sector_proxy,case_2023_arctic_lng_russian_energy_shipping_sanctions;case_2018_iran_oil_sanctions_reimposition,LNG carriers;energy producers;marine insurers;banks;gas utilities;shipbuilders;crude oil;tanker operators;refiners;petrochemical producers,Russian Arctic LNG cargoes;ice-class LNG carrier availability;energy trade finance;marine insurance coverage;Asian LNG procurement;Iranian crude exports;oil tanker routes;refinery feedstock sourcing;shipping insurance services;trade finance channels,False,True,possible_false_downgrade,"Supporting cases contain asset-type/category text overlapping the asset/node metadata, but the current direct historical support rules did not upgrade this exposure."
validation_v3,v3_20250110_us_russia_oil_sanctions,U.S. sanctions Russian oil producers and shadow-fleet vessels,TRV,The Travelers Companies Inc,marine_insurance,sector_proxy,case_2023_arctic_lng_russian_energy_shipping_sanctions;case_2018_iran_oil_sanctions_reimposition,LNG carriers;energy producers;marine insurers;banks;gas utilities;shipbuilders;crude oil;tanker operators;refiners;petrochemical producers,Russian Arctic LNG cargoes;ice-class LNG carrier availability;energy trade finance;marine insurance coverage;Asian LNG procurement;Iranian crude exports;oil tanker routes;refinery feedstock sourcing;shipping insurance services;trade finance channels,False,True,possible_false_downgrade,"Supporting cases contain asset-type/category text overlapping the asset/node metadata, but the current direct historical support rules did not upgrade this exposure."
validation_v3,v3_20250224_eu_16th_russia_sanctions,EU adopts 16th Russia sanctions package targeting shadow fleet and military suppliers,EUFN,iShares MSCI Europe Financials ETF,financial_sanctions,sector_proxy,case_2023_arctic_lng_russian_energy_shipping_sanctions;case_2014_crimea_financial_sanctions;case_2018_iran_oil_sanctions_reimposition,LNG carriers;energy producers;marine insurers;banks;gas utilities;shipbuilders;energy companies;industrial exporters;trade finance providers;logistics firms;crude oil;tanker operators;refiners;petrochemical producers,Russian Arctic LNG cargoes;ice-class LNG carrier availability;energy trade finance;marine insurance coverage;Asian LNG procurement;Russia-linked trade finance;cross-border payment flows;energy-sector financing;sanctions compliance systems;Iranian crude exports;oil tanker routes;refinery feedstock sourcing;shipping insurance services;trade finance channels,False,True,possible_false_downgrade,"Supporting cases contain asset-type/category text overlapping the asset/node metadata, but the current direct historical support rules did not upgrade this exposure."
validation_v3,v3_20250224_eu_16th_russia_sanctions,EU adopts 16th Russia sanctions package targeting shadow fleet and military suppliers,MA,Mastercard Incorporated,payment_networks,sector_proxy,case_2023_arctic_lng_russian_energy_shipping_sanctions;case_2014_crimea_financial_sanctions;case_2018_iran_oil_sanctions_reimposition,LNG carriers;energy producers;marine insurers;banks;gas utilities;shipbuilders;energy companies;industrial exporters;trade finance providers;logistics firms;crude oil;tanker operators;refiners;petrochemical producers,Russian Arctic LNG cargoes;ice-class LNG carrier availability;energy trade finance;marine insurance coverage;Asian LNG procurement;Russia-linked trade finance;cross-border payment flows;energy-sector financing;sanctions compliance systems;Iranian crude exports;oil tanker routes;refinery feedstock sourcing;shipping insurance services;trade finance channels,False,True,possible_false_downgrade,"Supporting cases contain asset-type/category text overlapping the asset/node metadata, but the current direct historical support rules did not upgrade this exposure."
validation_v3,v3_20250224_eu_16th_russia_sanctions,EU adopts 16th Russia sanctions package targeting shadow fleet and military suppliers,V,Visa Inc,payment_networks,sector_proxy,case_2023_arctic_lng_russian_energy_shipping_sanctions;case_2014_crimea_financial_sanctions;case_2018_iran_oil_sanctions_reimposition,LNG carriers;energy producers;marine insurers;banks;gas utilities;shipbuilders;energy companies;industrial exporters;trade finance providers;logistics firms;crude oil;tanker operators;refiners;petrochemical producers,Russian Arctic LNG cargoes;ice-class LNG carrier availability;energy trade finance;marine insurance coverage;Asian LNG procurement;Russia-linked trade finance;cross-border payment flows;energy-sector financing;sanctions compliance systems;Iranian crude exports;oil tanker routes;refinery feedstock sourcing;shipping insurance services;trade finance channels,False,True,possible_false_downgrade,"Supporting cases contain asset-type/category text overlapping the asset/node metadata, but the current direct historical support rules did not upgrade this exposure."
validation_v3,v3_20250224_eu_16th_russia_sanctions,EU adopts 16th Russia sanctions package targeting shadow fleet and military suppliers,XLF,Financial Select Sector SPDR Fund,financial_sanctions,sector_proxy,case_2023_arctic_lng_russian_energy_shipping_sanctions;case_2014_crimea_financial_sanctions;case_2018_iran_oil_sanctions_reimposition,LNG carriers;energy producers;marine insurers;banks;gas utilities;shipbuilders;energy companies;industrial exporters;trade finance providers;logistics firms;crude oil;tanker operators;refiners;petrochemical producers,Russian Arctic LNG cargoes;ice-class LNG carrier availability;energy trade finance;marine insurance coverage;Asian LNG procurement;Russia-linked trade finance;cross-border payment flows;energy-sector financing;sanctions compliance systems;Iranian crude exports;oil tanker routes;refinery feedstock sourcing;shipping insurance services;trade finance channels,False,True,possible_false_downgrade,"Supporting cases contain asset-type/category text overlapping the asset/node metadata, but the current direct historical support rules did not upgrade this exposure."
validation_v3,v3_20250224_eu_16th_russia_sanctions,EU adopts 16th Russia sanctions package targeting shadow fleet and military suppliers,CB,Chubb Limited,marine_insurance,sector_proxy,case_2023_arctic_lng_russian_energy_shipping_sanctions;case_2018_iran_oil_sanctions_reimposition,LNG carriers;energy producers;marine insurers;banks;gas utilities;shipbuilders;crude oil;tanker operators;refiners;petrochemical producers,Russian Arctic LNG cargoes;ice-class LNG carrier availability;energy trade finance;marine insurance coverage;Asian LNG procurement;Iranian crude exports;oil tanker routes;refinery feedstock sourcing;shipping insurance services;trade finance channels,False,True,possible_false_downgrade,"Supporting cases contain asset-type/category text overlapping the asset/node metadata, but the current direct historical support rules did not upgrade this exposure."
validation_v3,v3_20250224_eu_16th_russia_sanctions,EU adopts 16th Russia sanctions package targeting shadow fleet and military suppliers,TRV,The Travelers Companies Inc,marine_insurance,sector_proxy,case_2023_arctic_lng_russian_energy_shipping_sanctions;case_2018_iran_oil_sanctions_reimposition,LNG carriers;energy producers;marine insurers;banks;gas utilities;shipbuilders;crude oil;tanker operators;refiners;petrochemical producers,Russian Arctic LNG cargoes;ice-class LNG carrier availability;energy trade finance;marine insurance coverage;Asian LNG procurement;Iranian crude exports;oil tanker routes;refinery feedstock sourcing;shipping insurance services;trade finance channels,False,True,possible_false_downgrade,"Supporting cases contain asset-type/category text overlapping the asset/node metadata, but the current direct historical support rules did not upgrade this exposure."
validation_v3,v3_20250201_canada_mexico_china_tariffs,"U.S. imposes tariffs on imports from Canada, Mexico and China",PICK,iShares MSCI Global Metals & Mining Producers ETF,critical_minerals,sector_proxy,case_2024_ev_tariff_escalation_china;case_2021_xinjiang_forced_labor_import_restrictions,EV manufacturers;battery suppliers;solar equipment producers;logistics providers;manufacturers;solar equipment manufacturers;electronics importers;retailers;customs brokers,EV import flows;battery component supply chains;solar equipment imports;clean technology manufacturing inputs;solar module supply chains;polysilicon-linked inputs;electronics imports;customs compliance workflows,False,True,possible_false_downgrade,"Supporting cases contain asset-type/category text overlapping the asset/node metadata, but the current direct historical support rules did not upgrade this exposure."
validation_v3,v3_20250201_canada_mexico_china_tariffs,"U.S. imposes tariffs on imports from Canada, Mexico and China",REMX,VanEck Rare Earth and Strategic Metals ETF,critical_minerals,sector_proxy,case_2024_ev_tariff_escalation_china;case_2021_xinjiang_forced_labor_import_restrictions,EV manufacturers;battery suppliers;solar equipment producers;logistics providers;manufacturers;solar equipment manufacturers;electronics importers;retailers;customs brokers,EV import flows;battery component supply chains;solar equipment imports;clean technology manufacturing inputs;solar module supply chains;polysilicon-linked inputs;electronics imports;customs compliance workflows,False,True,possible_false_downgrade,"Supporting cases contain asset-type/category text overlapping the asset/node metadata, but the current direct historical support rules did not upgrade this exposure."
