event_source,event_id,event_name,ticker,asset_name,node,asset_type,linkage_tier,evidence_level,confidence,supporting_case_ids,ranking_scope,rank_within_order,ranking_key
evaluation_cases,eval_red_sea_shipping_disruption,eval_red_sea_shipping_disruption,0144.HK,China Merchants Port Holdings Company Limited,ports,Stock,direct_exposure,historical_supported,0.82,case_2023_red_sea_attacks;case_2021_suez_blockage,ranked_second_order,1,"{""evidence_level"": ""historical_supported"", ""evidence_rank"": 3, ""retrieval_support"": 0.75, ""supporting_case_count"": 2, ""supporting_case_count_saturated"": 2, ""symbol"": ""0144.hk""}"
evaluation_cases,eval_red_sea_shipping_disruption,eval_red_sea_shipping_disruption,1199.HK,COSCO SHIPPING Ports Limited,ports,Stock,direct_exposure,historical_supported,0.82,case_2023_red_sea_attacks;case_2021_suez_blockage,ranked_second_order,2,"{""evidence_level"": ""historical_supported"", ""evidence_rank"": 3, ""retrieval_support"": 0.75, ""supporting_case_count"": 2, ""supporting_case_count_saturated"": 2, ""symbol"": ""1199.hk""}"
evaluation_cases,eval_russia_europe_gas_disruption,eval_russia_europe_gas_disruption,ENB,Enbridge Inc,pipeline_infrastructure,Stock,direct_exposure,sector_proxy,0.64,case_2009_russia_ukraine_gas_transit_dispute;case_2022_nord_stream_pipeline_sabotage,ranked_second_order,1,"{""evidence_level"": ""sector_proxy"", ""evidence_rank"": 2, ""retrieval_support"": 0.666667, ""supporting_case_count"": 2, ""supporting_case_count_saturated"": 2, ""symbol"": ""enb""}"
evaluation_cases,eval_russia_europe_gas_disruption,eval_russia_europe_gas_disruption,TRP.TO,TC Energy Corporation,pipeline_infrastructure,Stock,direct_exposure,sector_proxy,0.64,case_2009_russia_ukraine_gas_transit_dispute;case_2022_nord_stream_pipeline_sabotage,ranked_second_order,2,"{""evidence_level"": ""sector_proxy"", ""evidence_rank"": 2, ""retrieval_support"": 0.666667, ""supporting_case_count"": 2, ""supporting_case_count_saturated"": 2, ""symbol"": ""trp.to""}"
evaluation_cases,eval_natural_gas_fertilizer_shock,eval_natural_gas_fertilizer_shock,CHRW,C H Robinson Worldwide Inc,customs,Stock,related_exposure,sector_proxy,0.64,case_2021_belarus_potash_sanctions;case_2022_russia_fertilizer_export_restrictions,ranked_second_order,1,"{""evidence_level"": ""sector_proxy"", ""evidence_rank"": 2, ""retrieval_support"": 0.416667, ""supporting_case_count"": 2, ""supporting_case_count_saturated"": 2, ""symbol"": ""chrw""}"
evaluation_cases,eval_natural_gas_fertilizer_shock,eval_natural_gas_fertilizer_shock,DHL.DE,DHL Group,trade_lanes,Stock,related_exposure,sector_proxy,0.64,case_2021_belarus_potash_sanctions;case_2022_russia_fertilizer_export_restrictions,ranked_second_order,2,"{""evidence_level"": ""sector_proxy"", ""evidence_rank"": 2, ""retrieval_support"": 0.416667, ""supporting_case_count"": 2, ""supporting_case_count_saturated"": 2, ""symbol"": ""dhl.de""}"
evaluation_cases,eval_natural_gas_fertilizer_shock,eval_natural_gas_fertilizer_shock,DSGX,The Descartes Systems Group Inc,customs,Stock,direct_exposure,sector_proxy,0.64,case_2021_belarus_potash_sanctions;case_2022_russia_fertilizer_export_restrictions,ranked_second_order,3,"{""evidence_level"": ""sector_proxy"", ""evidence_rank"": 2, ""retrieval_support"": 0.416667, ""supporting_case_count"": 2, ""supporting_case_count_saturated"": 2, ""symbol"": ""dsgx""}"
evaluation_cases,eval_natural_gas_fertilizer_shock,eval_natural_gas_fertilizer_shock,EXPD,Expeditors International of Washington Inc,trade_lanes,Stock,related_exposure,sector_proxy,0.64,case_2021_belarus_potash_sanctions;case_2022_russia_fertilizer_export_restrictions,ranked_second_order,4,"{""evidence_level"": ""sector_proxy"", ""evidence_rank"": 2, ""retrieval_support"": 0.416667, ""supporting_case_count"": 2, ""supporting_case_count_saturated"": 2, ""symbol"": ""expd""}"
evaluation_cases,eval_natural_gas_fertilizer_shock,eval_natural_gas_fertilizer_shock,JBHT,J B Hunt Transport Services Inc,logistics,Stock,direct_exposure,sector_proxy,0.64,case_2021_belarus_potash_sanctions;case_2022_russia_fertilizer_export_restrictions,ranked_second_order,5,"{""evidence_level"": ""sector_proxy"", ""evidence_rank"": 2, ""retrieval_support"": 0.416667, ""supporting_case_count"": 2, ""supporting_case_count_saturated"": 2, ""symbol"": ""jbht""}"
evaluation_cases,eval_natural_gas_fertilizer_shock,eval_natural_gas_fertilizer_shock,KNIN.SW,Kuehne + Nagel International AG,logistics,Stock,direct_exposure,sector_proxy,0.64,case_2021_belarus_potash_sanctions;case_2022_russia_fertilizer_export_restrictions,ranked_second_order,6,"{""evidence_level"": ""sector_proxy"", ""evidence_rank"": 2, ""retrieval_support"": 0.416667, ""supporting_case_count"": 2, ""supporting_case_count_saturated"": 2, ""symbol"": ""knin.sw""}"
evaluation_cases,eval_us_china_tariffs,eval_us_china_tariffs,PICK,iShares MSCI Global Metals & Mining Producers ETF,critical_minerals,ETF,broad_proxy,sector_proxy,0.64,case_2024_ev_tariff_escalation_china;case_2021_xinjiang_forced_labor_import_restrictions,ranked_second_order,1,"{""evidence_level"": ""sector_proxy"", ""evidence_rank"": 2, ""retrieval_support"": 0.416667, ""supporting_case_count"": 2, ""supporting_case_count_saturated"": 2, ""symbol"": ""pick""}"
evaluation_cases,eval_us_china_tariffs,eval_us_china_tariffs,REMX,VanEck Rare Earth and Strategic Metals ETF,critical_minerals,ETF,broad_proxy,sector_proxy,0.64,case_2024_ev_tariff_escalation_china;case_2021_xinjiang_forced_labor_import_restrictions,ranked_second_order,2,"{""evidence_level"": ""sector_proxy"", ""evidence_rank"": 2, ""retrieval_support"": 0.416667, ""supporting_case_count"": 2, ""supporting_case_count_saturated"": 2, ""symbol"": ""remx""}"
evaluation_cases,eval_huawei_entity_list,eval_huawei_entity_list,CAT,Caterpillar Inc,manufacturing_inputs,Stock,related_exposure,sector_proxy,0.64,case_2020_smic_entity_list_semiconductor_controls;case_2019_huawei_entity_list,ranked_second_order,1,"{""evidence_level"": ""sector_proxy"", ""evidence_rank"": 2, ""retrieval_support"": 0.75, ""supporting_case_count"": 2, ""supporting_case_count_saturated"": 2, ""symbol"": ""cat""}"
evaluation_cases,eval_huawei_entity_list,eval_huawei_entity_list,DE,Deere & Company,manufacturing_inputs,Stock,related_exposure,sector_proxy,0.64,case_2020_smic_entity_list_semiconductor_controls;case_2019_huawei_entity_list,ranked_second_order,2,"{""evidence_level"": ""sector_proxy"", ""evidence_rank"": 2, ""retrieval_support"": 0.75, ""supporting_case_count"": 2, ""supporting_case_count_saturated"": 2, ""symbol"": ""de""}"
evaluation_cases,eval_dutch_asml_export_controls,eval_dutch_asml_export_controls,CAT,Caterpillar Inc,manufacturing_inputs,Stock,related_exposure,sector_proxy,0.64,case_2020_smic_entity_list_semiconductor_controls;case_2023_japan_chip_equipment_export_controls,ranked_second_order,1,"{""evidence_level"": ""sector_proxy"", ""evidence_rank"": 2, ""retrieval_support"": 0.416667, ""supporting_case_count"": 2, ""supporting_case_count_saturated"": 2, ""symbol"": ""cat""}"
evaluation_cases,eval_dutch_asml_export_controls,eval_dutch_asml_export_controls,DE,Deere & Company,manufacturing_inputs,Stock,related_exposure,sector_proxy,0.64,case_2020_smic_entity_list_semiconductor_controls;case_2023_japan_chip_equipment_export_controls,ranked_second_order,2,"{""evidence_level"": ""sector_proxy"", ""evidence_rank"": 2, ""retrieval_support"": 0.416667, ""supporting_case_count"": 2, ""supporting_case_count_saturated"": 2, ""symbol"": ""de""}"
evaluation_cases,eval_black_sea_grain_export_disruption,eval_black_sea_grain_export_disruption,CB,Chubb Limited,marine_insurance,Stock,related_exposure,sector_proxy,0.64,case_2023_black_sea_shipping_insurance_restrictions;case_2023_red_sea_attacks,ranked_second_order,1,"{""evidence_level"": ""sector_proxy"", ""evidence_rank"": 2, ""retrieval_support"": 0.416667, ""supporting_case_count"": 2, ""supporting_case_count_saturated"": 2, ""symbol"": ""cb""}"
evaluation_cases,eval_black_sea_grain_export_disruption,eval_black_sea_grain_export_disruption,TRV,The Travelers Companies Inc,marine_insurance,Stock,related_exposure,sector_proxy,0.64,case_2023_black_sea_shipping_insurance_restrictions;case_2023_red_sea_attacks,ranked_second_order,2,"{""evidence_level"": ""sector_proxy"", ""evidence_rank"": 2, ""retrieval_support"": 0.416667, ""supporting_case_count"": 2, ""supporting_case_count_saturated"": 2, ""symbol"": ""trv""}"
evaluation_cases,eval_cyber_port_pipeline_disruption,eval_cyber_port_pipeline_disruption,CAT,Caterpillar Inc,manufacturing_inputs,Stock,related_exposure,sector_proxy,0.64,case_2023_port_of_nagoya_cyberattack;case_2017_notpetya_shipping_logistics_cyberattack,ranked_second_order,1,"{""evidence_level"": ""sector_proxy"", ""evidence_rank"": 2, ""retrieval_support"": 0.416667, ""supporting_case_count"": 2, ""supporting_case_count_saturated"": 2, ""symbol"": ""cat""}"
evaluation_cases,eval_cyber_port_pipeline_disruption,eval_cyber_port_pipeline_disruption,DE,Deere & Company,manufacturing_inputs,Stock,related_exposure,sector_proxy,0.64,case_2023_port_of_nagoya_cyberattack;case_2017_notpetya_shipping_logistics_cyberattack,ranked_second_order,2,"{""evidence_level"": ""sector_proxy"", ""evidence_rank"": 2, ""retrieval_support"": 0.416667, ""supporting_case_count"": 2, ""supporting_case_count_saturated"": 2, ""symbol"": ""de""}"
evaluation_cases,eval_food_export_grain_restriction,eval_food_export_grain_restriction,CHRW,C H Robinson Worldwide Inc,customs,Stock,related_exposure,sector_proxy,0.64,case_2022_india_wheat_export_ban;case_2008_rice_export_restrictions_food_security,ranked_second_order,1,"{""evidence_level"": ""sector_proxy"", ""evidence_rank"": 2, ""retrieval_support"": 0.75, ""supporting_case_count"": 2, ""supporting_case_count_saturated"": 2, ""symbol"": ""chrw""}"
evaluation_cases,eval_food_export_grain_restriction,eval_food_export_grain_restriction,DBA,Invesco DB Agriculture Fund,food_export_controls,ETF,broad_proxy,sector_proxy,0.64,case_2022_india_wheat_export_ban;case_2008_rice_export_restrictions_food_security,ranked_second_order,2,"{""evidence_level"": ""sector_proxy"", ""evidence_rank"": 2, ""retrieval_support"": 0.75, ""supporting_case_count"": 2, ""supporting_case_count_saturated"": 2, ""symbol"": ""dba""}"
evaluation_cases,eval_food_export_grain_restriction,eval_food_export_grain_restriction,DHL.DE,DHL Group,trade_lanes,Stock,related_exposure,sector_proxy,0.64,case_2022_india_wheat_export_ban;case_2008_rice_export_restrictions_food_security,ranked_second_order,3,"{""evidence_level"": ""sector_proxy"", ""evidence_rank"": 2, ""retrieval_support"": 0.75, ""supporting_case_count"": 2, ""supporting_case_count_saturated"": 2, ""symbol"": ""dhl.de""}"
evaluation_cases,eval_food_export_grain_restriction,eval_food_export_grain_restriction,DSGX,The Descartes Systems Group Inc,customs,Stock,direct_exposure,sector_proxy,0.64,case_2022_india_wheat_export_ban;case_2008_rice_export_restrictions_food_security,ranked_second_order,4,"{""evidence_level"": ""sector_proxy"", ""evidence_rank"": 2, ""retrieval_support"": 0.75, ""supporting_case_count"": 2, ""supporting_case_count_saturated"": 2, ""symbol"": ""dsgx""}"
evaluation_cases,eval_food_export_grain_restriction,eval_food_export_grain_restriction,EXPD,Expeditors International of Washington Inc,trade_lanes,Stock,related_exposure,sector_proxy,0.64,case_2022_india_wheat_export_ban;case_2008_rice_export_restrictions_food_security,ranked_second_order,5,"{""evidence_level"": ""sector_proxy"", ""evidence_rank"": 2, ""retrieval_support"": 0.75, ""supporting_case_count"": 2, ""supporting_case_count_saturated"": 2, ""symbol"": ""expd""}"
evaluation_cases,eval_food_export_grain_restriction,eval_food_export_grain_restriction,WEAT,Teucrium Wheat Fund,food_export_controls,ETF,broad_proxy,sector_proxy,0.64,case_2022_india_wheat_export_ban;case_2008_rice_export_restrictions_food_security,ranked_second_order,6,"{""evidence_level"": ""sector_proxy"", ""evidence_rank"": 2, ""retrieval_support"": 0.75, ""supporting_case_count"": 2, ""supporting_case_count_saturated"": 2, ""symbol"": ""weat""}"
hard_evaluation_cases,hard_semiconductor_controls_paraphrased,hard_semiconductor_controls_paraphrased,CAT,Caterpillar Inc,manufacturing_inputs,Stock,related_exposure,sector_proxy,0.64,case_2023_japan_chip_equipment_export_controls;case_2019_huawei_entity_list,ranked_second_order,1,"{""evidence_level"": ""sector_proxy"", ""evidence_rank"": 2, ""retrieval_support"": 0.666667, ""supporting_case_count"": 2, ""supporting_case_count_saturated"": 2, ""symbol"": ""cat""}"
hard_evaluation_cases,hard_semiconductor_controls_paraphrased,hard_semiconductor_controls_paraphrased,DE,Deere & Company,manufacturing_inputs,Stock,related_exposure,sector_proxy,0.64,case_2023_japan_chip_equipment_export_controls;case_2019_huawei_entity_list,ranked_second_order,2,"{""evidence_level"": ""sector_proxy"", ""evidence_rank"": 2, ""retrieval_support"": 0.666667, ""supporting_case_count"": 2, ""supporting_case_count_saturated"": 2, ""symbol"": ""de""}"
hard_evaluation_cases,hard_hormuz_ambiguous_energy_shipping,hard_hormuz_ambiguous_energy_shipping,DHT,DHT Holdings Inc,oil_shipping,Stock,direct_exposure,historical_supported,0.82,case_hormuz_tanker_tensions;case_2023_red_sea_attacks,ranked_second_order,1,"{""evidence_level"": ""historical_supported"", ""evidence_rank"": 3, ""retrieval_support"": 0.75, ""supporting_case_count"": 2, ""supporting_case_count_saturated"": 2, ""symbol"": ""dht""}"
hard_evaluation_cases,hard_hormuz_ambiguous_energy_shipping,hard_hormuz_ambiguous_energy_shipping,FRO,Frontline plc,oil_shipping,Stock,direct_exposure,historical_supported,0.82,case_hormuz_tanker_tensions;case_2023_red_sea_attacks,ranked_second_order,2,"{""evidence_level"": ""historical_supported"", ""evidence_rank"": 3, ""retrieval_support"": 0.75, ""supporting_case_count"": 2, ""supporting_case_count_saturated"": 2, ""symbol"": ""fro""}"
hard_evaluation_cases,hard_hormuz_ambiguous_energy_shipping,hard_hormuz_ambiguous_energy_shipping,BOAT,SonicShares Global Shipping ETF,maritime_chokepoint,ETF,broad_proxy,historical_supported,0.82,case_2023_red_sea_attacks,ranked_second_order,3,"{""evidence_level"": ""historical_supported"", ""evidence_rank"": 3, ""retrieval_support"": 0.5, ""supporting_case_count"": 1, ""supporting_case_count_saturated"": 1, ""symbol"": ""boat""}"
hard_evaluation_cases,hard_hormuz_ambiguous_energy_shipping,hard_hormuz_ambiguous_energy_shipping,MATX,Matson Inc,maritime_chokepoint,Stock,related_exposure,historical_supported,0.82,case_2023_red_sea_attacks,ranked_second_order,4,"{""evidence_level"": ""historical_supported"", ""evidence_rank"": 3, ""retrieval_support"": 0.5, ""supporting_case_count"": 1, ""supporting_case_count_saturated"": 1, ""symbol"": ""matx""}"
hard_evaluation_cases,hard_hormuz_ambiguous_energy_shipping,hard_hormuz_ambiguous_energy_shipping,CB,Chubb Limited,marine_insurance,Stock,related_exposure,sector_proxy,0.64,case_hormuz_tanker_tensions;case_2023_red_sea_attacks,ranked_second_order,5,"{""evidence_level"": ""sector_proxy"", ""evidence_rank"": 2, ""retrieval_support"": 0.75, ""supporting_case_count"": 2, ""supporting_case_count_saturated"": 2, ""symbol"": ""cb""}"
hard_evaluation_cases,hard_hormuz_ambiguous_energy_shipping,hard_hormuz_ambiguous_energy_shipping,TRV,The Travelers Companies Inc,marine_insurance,Stock,related_exposure,sector_proxy,0.64,case_hormuz_tanker_tensions;case_2023_red_sea_attacks,ranked_second_order,6,"{""evidence_level"": ""sector_proxy"", ""evidence_rank"": 2, ""retrieval_support"": 0.75, ""supporting_case_count"": 2, ""supporting_case_count_saturated"": 2, ""symbol"": ""trv""}"
hard_evaluation_cases,hard_taiwan_semiconductor_indirect,hard_taiwan_semiconductor_indirect,ITA,iShares U S Aerospace & Defense ETF,defense,ETF,broad_proxy,sector_proxy,0.64,case_taiwan_strait_semiconductor_risk;case_2024_taiwan_strait_drills_semiconductor_supply,ranked_second_order,1,"{""evidence_level"": ""sector_proxy"", ""evidence_rank"": 2, ""retrieval_support"": 0.75, ""supporting_case_count"": 2, ""supporting_case_count_saturated"": 2, ""symbol"": ""ita""}"
hard_evaluation_cases,hard_taiwan_semiconductor_indirect,hard_taiwan_semiconductor_indirect,LMT,Lockheed Martin Corporation,defense,Stock,direct_exposure,sector_proxy,0.64,case_taiwan_strait_semiconductor_risk;case_2024_taiwan_strait_drills_semiconductor_supply,ranked_second_order,2,"{""evidence_level"": ""sector_proxy"", ""evidence_rank"": 2, ""retrieval_support"": 0.75, ""supporting_case_count"": 2, ""supporting_case_count_saturated"": 2, ""symbol"": ""lmt""}"
validation_v3,v3_20250404_china_rare_earth_export_controls,China imposes rare-earth export controls after U.S. tariff escalation,ITA,iShares U S Aerospace & Defense ETF,defense,ETF,broad_proxy,sector_proxy,0.64,case_rare_earth_export_restriction_risk;case_2010_china_japan_rare_earth_embargo,ranked_second_order,1,"{""evidence_level"": ""sector_proxy"", ""evidence_rank"": 2, ""retrieval_support"": 0.75, ""supporting_case_count"": 2, ""supporting_case_count_saturated"": 2, ""symbol"": ""ita""}"
validation_v3,v3_20250404_china_rare_earth_export_controls,China imposes rare-earth export controls after U.S. tariff escalation,LMT,Lockheed Martin Corporation,defense,Stock,direct_exposure,sector_proxy,0.64,case_rare_earth_export_restriction_risk;case_2010_china_japan_rare_earth_embargo,ranked_second_order,2,"{""evidence_level"": ""sector_proxy"", ""evidence_rank"": 2, ""retrieval_support"": 0.75, ""supporting_case_count"": 2, ""supporting_case_count_saturated"": 2, ""symbol"": ""lmt""}"
validation_v3,v3_20250225_copper_import_investigation,U.S. launches Section 232 investigation into copper import dependence,DHL.DE,DHL Group,trade_lanes,Stock,related_exposure,sector_proxy,0.64,case_2023_panama_cobre_mine_closure;case_2021_xinjiang_forced_labor_import_restrictions,ranked_second_order,1,"{""evidence_level"": ""sector_proxy"", ""evidence_rank"": 2, ""retrieval_support"": 0.75, ""supporting_case_count"": 2, ""supporting_case_count_saturated"": 2, ""symbol"": ""dhl.de""}"
validation_v3,v3_20250225_copper_import_investigation,U.S. launches Section 232 investigation into copper import dependence,EXPD,Expeditors International of Washington Inc,trade_lanes,Stock,related_exposure,sector_proxy,0.64,case_2023_panama_cobre_mine_closure;case_2021_xinjiang_forced_labor_import_restrictions,ranked_second_order,2,"{""evidence_level"": ""sector_proxy"", ""evidence_rank"": 2, ""retrieval_support"": 0.75, ""supporting_case_count"": 2, ""supporting_case_count_saturated"": 2, ""symbol"": ""expd""}"
validation_v3,v3_20240624_eu_russian_lng_transshipment_ban,EU sanctions package bans Russian LNG transshipment services through EU territory,EUFN,iShares MSCI Europe Financials ETF,financial_sanctions,ETF,broad_proxy,sector_proxy,0.64,case_2023_arctic_lng_russian_energy_shipping_sanctions;case_2014_crimea_financial_sanctions,ranked_second_order,1,"{""evidence_level"": ""sector_proxy"", ""evidence_rank"": 2, ""retrieval_support"": 0.666667, ""supporting_case_count"": 2, ""supporting_case_count_saturated"": 2, ""symbol"": ""eufn""}"
validation_v3,v3_20240624_eu_russian_lng_transshipment_ban,EU sanctions package bans Russian LNG transshipment services through EU territory,MA,Mastercard Incorporated,payment_networks,Stock,direct_exposure,sector_proxy,0.64,case_2023_arctic_lng_russian_energy_shipping_sanctions;case_2014_crimea_financial_sanctions,ranked_second_order,2,"{""evidence_level"": ""sector_proxy"", ""evidence_rank"": 2, ""retrieval_support"": 0.666667, ""supporting_case_count"": 2, ""supporting_case_count_saturated"": 2, ""symbol"": ""ma""}"
validation_v3,v3_20240624_eu_russian_lng_transshipment_ban,EU sanctions package bans Russian LNG transshipment services through EU territory,V,Visa Inc,payment_networks,Stock,direct_exposure,sector_proxy,0.64,case_2023_arctic_lng_russian_energy_shipping_sanctions;case_2014_crimea_financial_sanctions,ranked_second_order,3,"{""evidence_level"": ""sector_proxy"", ""evidence_rank"": 2, ""retrieval_support"": 0.666667, ""supporting_case_count"": 2, ""supporting_case_count_saturated"": 2, ""symbol"": ""v""}"
validation_v3,v3_20240624_eu_russian_lng_transshipment_ban,EU sanctions package bans Russian LNG transshipment services through EU territory,XLF,Financial Select Sector SPDR Fund,financial_sanctions,ETF,broad_proxy,sector_proxy,0.64,case_2023_arctic_lng_russian_energy_shipping_sanctions;case_2014_crimea_financial_sanctions,ranked_second_order,4,"{""evidence_level"": ""sector_proxy"", ""evidence_rank"": 2, ""retrieval_support"": 0.666667, ""supporting_case_count"": 2, ""supporting_case_count_saturated"": 2, ""symbol"": ""xlf""}"
validation_v3,v3_20240306_true_confidence_attack,Houthi anti-ship missile strikes M/V True Confidence in Gulf of Aden,ITA,iShares U S Aerospace & Defense ETF,defense,ETF,broad_proxy,sector_proxy,0.64,case_1987_1988_tanker_war_reflagging;case_2023_south_china_sea_shipping_tensions,ranked_second_order,1,"{""evidence_level"": ""sector_proxy"", ""evidence_rank"": 2, ""retrieval_support"": 0.75, ""supporting_case_count"": 2, ""supporting_case_count_saturated"": 2, ""symbol"": ""ita""}"
validation_v3,v3_20240306_true_confidence_attack,Houthi anti-ship missile strikes M/V True Confidence in Gulf of Aden,LMT,Lockheed Martin Corporation,defense,Stock,direct_exposure,sector_proxy,0.64,case_1987_1988_tanker_war_reflagging;case_2023_south_china_sea_shipping_tensions,ranked_second_order,2,"{""evidence_level"": ""sector_proxy"", ""evidence_rank"": 2, ""retrieval_support"": 0.75, ""supporting_case_count"": 2, ""supporting_case_count_saturated"": 2, ""symbol"": ""lmt""}"
validation_v3,v3_20241203_iran_shadow_fleet_sanctions,U.S. sanctions Iranian shadow-fleet petroleum transport entities and vessels,EUFN,iShares MSCI Europe Financials ETF,financial_sanctions,ETF,broad_proxy,sector_proxy,0.64,case_2018_iran_oil_sanctions_reimposition;case_2019_cosco_shipping_sanctions_tanker_market;case_2018_iran_swift_restrictions,ranked_second_order,1,"{""evidence_level"": ""sector_proxy"", ""evidence_rank"": 2, ""retrieval_support"": 0.611111, ""supporting_case_count"": 3, ""supporting_case_count_saturated"": 3, ""symbol"": ""eufn""}"
validation_v3,v3_20241203_iran_shadow_fleet_sanctions,U.S. sanctions Iranian shadow-fleet petroleum transport entities and vessels,MA,Mastercard Incorporated,payment_networks,Stock,direct_exposure,sector_proxy,0.64,case_2018_iran_oil_sanctions_reimposition;case_2019_cosco_shipping_sanctions_tanker_market;case_2018_iran_swift_restrictions,ranked_second_order,2,"{""evidence_level"": ""sector_proxy"", ""evidence_rank"": 2, ""retrieval_support"": 0.611111, ""supporting_case_count"": 3, ""supporting_case_count_saturated"": 3, ""symbol"": ""ma""}"
validation_v3,v3_20241203_iran_shadow_fleet_sanctions,U.S. sanctions Iranian shadow-fleet petroleum transport entities and vessels,V,Visa Inc,payment_networks,Stock,direct_exposure,sector_proxy,0.64,case_2018_iran_oil_sanctions_reimposition;case_2019_cosco_shipping_sanctions_tanker_market;case_2018_iran_swift_restrictions,ranked_second_order,3,"{""evidence_level"": ""sector_proxy"", ""evidence_rank"": 2, ""retrieval_support"": 0.611111, ""supporting_case_count"": 3, ""supporting_case_count_saturated"": 3, ""symbol"": ""v""}"
validation_v3,v3_20241203_iran_shadow_fleet_sanctions,U.S. sanctions Iranian shadow-fleet petroleum transport entities and vessels,XLF,Financial Select Sector SPDR Fund,financial_sanctions,ETF,broad_proxy,sector_proxy,0.64,case_2018_iran_oil_sanctions_reimposition;case_2019_cosco_shipping_sanctions_tanker_market;case_2018_iran_swift_restrictions,ranked_second_order,4,"{""evidence_level"": ""sector_proxy"", ""evidence_rank"": 2, ""retrieval_support"": 0.611111, ""supporting_case_count"": 3, ""supporting_case_count_saturated"": 3, ""symbol"": ""xlf""}"
validation_v3,v3_20241203_iran_shadow_fleet_sanctions,U.S. sanctions Iranian shadow-fleet petroleum transport entities and vessels,CHRW,C H Robinson Worldwide Inc,customs,Stock,related_exposure,sector_proxy,0.64,case_2019_cosco_shipping_sanctions_tanker_market;case_2018_iran_swift_restrictions,ranked_second_order,5,"{""evidence_level"": ""sector_proxy"", ""evidence_rank"": 2, ""retrieval_support"": 0.416667, ""supporting_case_count"": 2, ""supporting_case_count_saturated"": 2, ""symbol"": ""chrw""}"
validation_v3,v3_20241203_iran_shadow_fleet_sanctions,U.S. sanctions Iranian shadow-fleet petroleum transport entities and vessels,DHL.DE,DHL Group,trade_lanes,Stock,related_exposure,sector_proxy,0.64,case_2019_cosco_shipping_sanctions_tanker_market;case_2018_iran_swift_restrictions,ranked_second_order,6,"{""evidence_level"": ""sector_proxy"", ""evidence_rank"": 2, ""retrieval_support"": 0.416667, ""supporting_case_count"": 2, ""supporting_case_count_saturated"": 2, ""symbol"": ""dhl.de""}"
validation_v3,v3_20241203_iran_shadow_fleet_sanctions,U.S. sanctions Iranian shadow-fleet petroleum transport entities and vessels,DSGX,The Descartes Systems Group Inc,customs,Stock,direct_exposure,sector_proxy,0.64,case_2019_cosco_shipping_sanctions_tanker_market;case_2018_iran_swift_restrictions,ranked_second_order,7,"{""evidence_level"": ""sector_proxy"", ""evidence_rank"": 2, ""retrieval_support"": 0.416667, ""supporting_case_count"": 2, ""supporting_case_count_saturated"": 2, ""symbol"": ""dsgx""}"
validation_v3,v3_20241203_iran_shadow_fleet_sanctions,U.S. sanctions Iranian shadow-fleet petroleum transport entities and vessels,EXPD,Expeditors International of Washington Inc,trade_lanes,Stock,related_exposure,sector_proxy,0.64,case_2019_cosco_shipping_sanctions_tanker_market;case_2018_iran_swift_restrictions,ranked_second_order,8,"{""evidence_level"": ""sector_proxy"", ""evidence_rank"": 2, ""retrieval_support"": 0.416667, ""supporting_case_count"": 2, ""supporting_case_count_saturated"": 2, ""symbol"": ""expd""}"
validation_v3,v3_20240223_sovcomflot_sanctions,U.S. sanctions Sovcomflot and tankers tied to Russian oil shipping,DHT,DHT Holdings Inc,oil_shipping,Stock,direct_exposure,historical_supported,0.82,case_2019_venezuela_oil_sanctions;case_2018_iran_oil_sanctions_reimposition,ranked_second_order,1,"{""evidence_level"": ""historical_supported"", ""evidence_rank"": 3, ""retrieval_support"": 0.416667, ""supporting_case_count"": 2, ""supporting_case_count_saturated"": 2, ""symbol"": ""dht""}"
validation_v3,v3_20240223_sovcomflot_sanctions,U.S. sanctions Sovcomflot and tankers tied to Russian oil shipping,FRO,Frontline plc,oil_shipping,Stock,direct_exposure,historical_supported,0.82,case_2019_venezuela_oil_sanctions;case_2018_iran_oil_sanctions_reimposition,ranked_second_order,2,"{""evidence_level"": ""historical_supported"", ""evidence_rank"": 3, ""retrieval_support"": 0.416667, ""supporting_case_count"": 2, ""supporting_case_count_saturated"": 2, ""symbol"": ""fro""}"
validation_v3,v3_20240223_sovcomflot_sanctions,U.S. sanctions Sovcomflot and tankers tied to Russian oil shipping,EUFN,iShares MSCI Europe Financials ETF,financial_sanctions,ETF,broad_proxy,sector_proxy,0.64,case_2023_arctic_lng_russian_energy_shipping_sanctions;case_2019_venezuela_oil_sanctions;case_2018_iran_oil_sanctions_reimposition,ranked_second_order,3,"{""evidence_level"": ""sector_proxy"", ""evidence_rank"": 2, ""retrieval_support"": 0.611111, ""supporting_case_count"": 3, ""supporting_case_count_saturated"": 3, ""symbol"": ""eufn""}"
validation_v3,v3_20240223_sovcomflot_sanctions,U.S. sanctions Sovcomflot and tankers tied to Russian oil shipping,MA,Mastercard Incorporated,payment_networks,Stock,direct_exposure,sector_proxy,0.64,case_2023_arctic_lng_russian_energy_shipping_sanctions;case_2019_venezuela_oil_sanctions;case_2018_iran_oil_sanctions_reimposition,ranked_second_order,4,"{""evidence_level"": ""sector_proxy"", ""evidence_rank"": 2, ""retrieval_support"": 0.611111, ""supporting_case_count"": 3, ""supporting_case_count_saturated"": 3, ""symbol"": ""ma""}"
validation_v3,v3_20240223_sovcomflot_sanctions,U.S. sanctions Sovcomflot and tankers tied to Russian oil shipping,V,Visa Inc,payment_networks,Stock,direct_exposure,sector_proxy,0.64,case_2023_arctic_lng_russian_energy_shipping_sanctions;case_2019_venezuela_oil_sanctions;case_2018_iran_oil_sanctions_reimposition,ranked_second_order,5,"{""evidence_level"": ""sector_proxy"", ""evidence_rank"": 2, ""retrieval_support"": 0.611111, ""supporting_case_count"": 3, ""supporting_case_count_saturated"": 3, ""symbol"": ""v""}"
validation_v3,v3_20240223_sovcomflot_sanctions,U.S. sanctions Sovcomflot and tankers tied to Russian oil shipping,XLF,Financial Select Sector SPDR Fund,financial_sanctions,ETF,broad_proxy,sector_proxy,0.64,case_2023_arctic_lng_russian_energy_shipping_sanctions;case_2019_venezuela_oil_sanctions;case_2018_iran_oil_sanctions_reimposition,ranked_second_order,6,"{""evidence_level"": ""sector_proxy"", ""evidence_rank"": 2, ""retrieval_support"": 0.611111, ""supporting_case_count"": 3, ""supporting_case_count_saturated"": 3, ""symbol"": ""xlf""}"
validation_v3,v3_20240223_sovcomflot_sanctions,U.S. sanctions Sovcomflot and tankers tied to Russian oil shipping,CB,Chubb Limited,marine_insurance,Stock,related_exposure,sector_proxy,0.64,case_2023_arctic_lng_russian_energy_shipping_sanctions;case_2018_iran_oil_sanctions_reimposition,ranked_second_order,7,"{""evidence_level"": ""sector_proxy"", ""evidence_rank"": 2, ""retrieval_support"": 0.666667, ""supporting_case_count"": 2, ""supporting_case_count_saturated"": 2, ""symbol"": ""cb""}"
validation_v3,v3_20240223_sovcomflot_sanctions,U.S. sanctions Sovcomflot and tankers tied to Russian oil shipping,TRV,The Travelers Companies Inc,marine_insurance,Stock,related_exposure,sector_proxy,0.64,case_2023_arctic_lng_russian_energy_shipping_sanctions;case_2018_iran_oil_sanctions_reimposition,ranked_second_order,8,"{""evidence_level"": ""sector_proxy"", ""evidence_rank"": 2, ""retrieval_support"": 0.666667, ""supporting_case_count"": 2, ""supporting_case_count_saturated"": 2, ""symbol"": ""trv""}"
validation_v3,v3_20240913_ustr_section301_tariffs_final,USTR finalizes China Section 301 tariff modifications after four-year review,ALB,Albemarle Corporation,battery_materials,Stock,direct_exposure,sector_proxy,0.64,case_2024_ev_tariff_escalation_china;case_2023_china_graphite_battery_export_controls,ranked_second_order,1,"{""evidence_level"": ""sector_proxy"", ""evidence_rank"": 2, ""retrieval_support"": 0.416667, ""supporting_case_count"": 2, ""supporting_case_count_saturated"": 2, ""symbol"": ""alb""}"
validation_v3,v3_20240913_ustr_section301_tariffs_final,USTR finalizes China Section 301 tariff modifications after four-year review,LIT,Global X Lithium & Battery Tech ETF,battery_materials,ETF,broad_proxy,sector_proxy,0.64,case_2024_ev_tariff_escalation_china;case_2023_china_graphite_battery_export_controls,ranked_second_order,2,"{""evidence_level"": ""sector_proxy"", ""evidence_rank"": 2, ""retrieval_support"": 0.416667, ""supporting_case_count"": 2, ""supporting_case_count_saturated"": 2, ""symbol"": ""lit""}"
validation_v3,v3_20250730_copper_tariffs,U.S. imposes Section 232 tariffs on copper products,DHL.DE,DHL Group,trade_lanes,Stock,related_exposure,sector_proxy,0.64,case_2023_panama_cobre_mine_closure;case_2024_ev_tariff_escalation_china;case_2021_xinjiang_forced_labor_import_restrictions,ranked_second_order,1,"{""evidence_level"": ""sector_proxy"", ""evidence_rank"": 2, ""retrieval_support"": 0.611111, ""supporting_case_count"": 3, ""supporting_case_count_saturated"": 3, ""symbol"": ""dhl.de""}"
validation_v3,v3_20250730_copper_tariffs,U.S. imposes Section 232 tariffs on copper products,EXPD,Expeditors International of Washington Inc,trade_lanes,Stock,related_exposure,sector_proxy,0.64,case_2023_panama_cobre_mine_closure;case_2024_ev_tariff_escalation_china;case_2021_xinjiang_forced_labor_import_restrictions,ranked_second_order,2,"{""evidence_level"": ""sector_proxy"", ""evidence_rank"": 2, ""retrieval_support"": 0.611111, ""supporting_case_count"": 3, ""supporting_case_count_saturated"": 3, ""symbol"": ""expd""}"
validation_v3,v3_20250730_copper_tariffs,U.S. imposes Section 232 tariffs on copper products,ALB,Albemarle Corporation,battery_materials,Stock,direct_exposure,sector_proxy,0.64,case_2023_panama_cobre_mine_closure;case_2024_ev_tariff_escalation_china,ranked_second_order,3,"{""evidence_level"": ""sector_proxy"", ""evidence_rank"": 2, ""retrieval_support"": 0.75, ""supporting_case_count"": 2, ""supporting_case_count_saturated"": 2, ""symbol"": ""alb""}"
validation_v3,v3_20250730_copper_tariffs,U.S. imposes Section 232 tariffs on copper products,LIT,Global X Lithium & Battery Tech ETF,battery_materials,ETF,broad_proxy,sector_proxy,0.64,case_2023_panama_cobre_mine_closure;case_2024_ev_tariff_escalation_china,ranked_second_order,4,"{""evidence_level"": ""sector_proxy"", ""evidence_rank"": 2, ""retrieval_support"": 0.75, ""supporting_case_count"": 2, ""supporting_case_count_saturated"": 2, ""symbol"": ""lit""}"
validation_v3,v3_20250730_copper_tariffs,U.S. imposes Section 232 tariffs on copper products,JBHT,J B Hunt Transport Services Inc,logistics,Stock,direct_exposure,sector_proxy,0.64,case_2024_ev_tariff_escalation_china;case_2021_xinjiang_forced_labor_import_restrictions,ranked_second_order,5,"{""evidence_level"": ""sector_proxy"", ""evidence_rank"": 2, ""retrieval_support"": 0.416667, ""supporting_case_count"": 2, ""supporting_case_count_saturated"": 2, ""symbol"": ""jbht""}"
validation_v3,v3_20250730_copper_tariffs,U.S. imposes Section 232 tariffs on copper products,KNIN.SW,Kuehne + Nagel International AG,logistics,Stock,direct_exposure,sector_proxy,0.64,case_2024_ev_tariff_escalation_china;case_2021_xinjiang_forced_labor_import_restrictions,ranked_second_order,6,"{""evidence_level"": ""sector_proxy"", ""evidence_rank"": 2, ""retrieval_support"": 0.416667, ""supporting_case_count"": 2, ""supporting_case_count_saturated"": 2, ""symbol"": ""knin.sw""}"
validation_v3,v3_20240821_sounion_tanker_attack,MV Sounion oil tanker attacked in the Red Sea,XLE,Energy Select Sector SPDR Fund,energy,ETF,broad_proxy,sector_proxy,0.64,case_1987_1988_tanker_war_reflagging;case_hormuz_tanker_tensions,ranked_second_order,1,"{""evidence_level"": ""sector_proxy"", ""evidence_rank"": 2, ""retrieval_support"": 0.416667, ""supporting_case_count"": 2, ""supporting_case_count_saturated"": 2, ""symbol"": ""xle""}"
validation_v3,v3_20240821_sounion_tanker_attack,MV Sounion oil tanker attacked in the Red Sea,XOM,Exxon Mobil Corporation,energy,Stock,related_exposure,sector_proxy,0.64,case_1987_1988_tanker_war_reflagging;case_hormuz_tanker_tensions,ranked_second_order,2,"{""evidence_level"": ""sector_proxy"", ""evidence_rank"": 2, ""retrieval_support"": 0.416667, ""supporting_case_count"": 2, ""supporting_case_count_saturated"": 2, ""symbol"": ""xom""}"
validation_v3,v3_20250110_us_russia_oil_sanctions,U.S. sanctions Russian oil producers and shadow-fleet vessels,DHT,DHT Holdings Inc,oil_shipping,Stock,direct_exposure,historical_supported,0.82,case_2018_iran_oil_sanctions_reimposition;case_2019_venezuela_oil_sanctions,ranked_second_order,1,"{""evidence_level"": ""historical_supported"", ""evidence_rank"": 3, ""retrieval_support"": 0.416667, ""supporting_case_count"": 2, ""supporting_case_count_saturated"": 2, ""symbol"": ""dht""}"
validation_v3,v3_20250110_us_russia_oil_sanctions,U.S. sanctions Russian oil producers and shadow-fleet vessels,FRO,Frontline plc,oil_shipping,Stock,direct_exposure,historical_supported,0.82,case_2018_iran_oil_sanctions_reimposition;case_2019_venezuela_oil_sanctions,ranked_second_order,2,"{""evidence_level"": ""historical_supported"", ""evidence_rank"": 3, ""retrieval_support"": 0.416667, ""supporting_case_count"": 2, ""supporting_case_count_saturated"": 2, ""symbol"": ""fro""}"
validation_v3,v3_20250110_us_russia_oil_sanctions,U.S. sanctions Russian oil producers and shadow-fleet vessels,EUFN,iShares MSCI Europe Financials ETF,financial_sanctions,ETF,broad_proxy,sector_proxy,0.64,case_2023_arctic_lng_russian_energy_shipping_sanctions;case_2018_iran_oil_sanctions_reimposition;case_2019_venezuela_oil_sanctions,ranked_second_order,3,"{""evidence_level"": ""sector_proxy"", ""evidence_rank"": 2, ""retrieval_support"": 0.611111, ""supporting_case_count"": 3, ""supporting_case_count_saturated"": 3, ""symbol"": ""eufn""}"
validation_v3,v3_20250110_us_russia_oil_sanctions,U.S. sanctions Russian oil producers and shadow-fleet vessels,MA,Mastercard Incorporated,payment_networks,Stock,direct_exposure,sector_proxy,0.64,case_2023_arctic_lng_russian_energy_shipping_sanctions;case_2018_iran_oil_sanctions_reimposition;case_2019_venezuela_oil_sanctions,ranked_second_order,4,"{""evidence_level"": ""sector_proxy"", ""evidence_rank"": 2, ""retrieval_support"": 0.611111, ""supporting_case_count"": 3, ""supporting_case_count_saturated"": 3, ""symbol"": ""ma""}"
validation_v3,v3_20250110_us_russia_oil_sanctions,U.S. sanctions Russian oil producers and shadow-fleet vessels,V,Visa Inc,payment_networks,Stock,direct_exposure,sector_proxy,0.64,case_2023_arctic_lng_russian_energy_shipping_sanctions;case_2018_iran_oil_sanctions_reimposition;case_2019_venezuela_oil_sanctions,ranked_second_order,5,"{""evidence_level"": ""sector_proxy"", ""evidence_rank"": 2, ""retrieval_support"": 0.611111, ""supporting_case_count"": 3, ""supporting_case_count_saturated"": 3, ""symbol"": ""v""}"
validation_v3,v3_20250110_us_russia_oil_sanctions,U.S. sanctions Russian oil producers and shadow-fleet vessels,XLF,Financial Select Sector SPDR Fund,financial_sanctions,ETF,broad_proxy,sector_proxy,0.64,case_2023_arctic_lng_russian_energy_shipping_sanctions;case_2018_iran_oil_sanctions_reimposition;case_2019_venezuela_oil_sanctions,ranked_second_order,6,"{""evidence_level"": ""sector_proxy"", ""evidence_rank"": 2, ""retrieval_support"": 0.611111, ""supporting_case_count"": 3, ""supporting_case_count_saturated"": 3, ""symbol"": ""xlf""}"
validation_v3,v3_20250110_us_russia_oil_sanctions,U.S. sanctions Russian oil producers and shadow-fleet vessels,CB,Chubb Limited,marine_insurance,Stock,related_exposure,sector_proxy,0.64,case_2023_arctic_lng_russian_energy_shipping_sanctions;case_2018_iran_oil_sanctions_reimposition,ranked_second_order,7,"{""evidence_level"": ""sector_proxy"", ""evidence_rank"": 2, ""retrieval_support"": 0.75, ""supporting_case_count"": 2, ""supporting_case_count_saturated"": 2, ""symbol"": ""cb""}"
validation_v3,v3_20250110_us_russia_oil_sanctions,U.S. sanctions Russian oil producers and shadow-fleet vessels,TRV,The Travelers Companies Inc,marine_insurance,Stock,related_exposure,sector_proxy,0.64,case_2023_arctic_lng_russian_energy_shipping_sanctions;case_2018_iran_oil_sanctions_reimposition,ranked_second_order,8,"{""evidence_level"": ""sector_proxy"", ""evidence_rank"": 2, ""retrieval_support"": 0.75, ""supporting_case_count"": 2, ""supporting_case_count_saturated"": 2, ""symbol"": ""trv""}"
validation_v3,v3_20250224_eu_16th_russia_sanctions,EU adopts 16th Russia sanctions package targeting shadow fleet and military suppliers,DHT,DHT Holdings Inc,oil_shipping,Stock,direct_exposure,historical_supported,0.82,case_2018_iran_oil_sanctions_reimposition,ranked_second_order,1,"{""evidence_level"": ""historical_supported"", ""evidence_rank"": 3, ""retrieval_support"": 0.333333, ""supporting_case_count"": 1, ""supporting_case_count_saturated"": 1, ""symbol"": ""dht""}"
validation_v3,v3_20250224_eu_16th_russia_sanctions,EU adopts 16th Russia sanctions package targeting shadow fleet and military suppliers,FRO,Frontline plc,oil_shipping,Stock,direct_exposure,historical_supported,0.82,case_2018_iran_oil_sanctions_reimposition,ranked_second_order,2,"{""evidence_level"": ""historical_supported"", ""evidence_rank"": 3, ""retrieval_support"": 0.333333, ""supporting_case_count"": 1, ""supporting_case_count_saturated"": 1, ""symbol"": ""fro""}"
validation_v3,v3_20250224_eu_16th_russia_sanctions,EU adopts 16th Russia sanctions package targeting shadow fleet and military suppliers,EUFN,iShares MSCI Europe Financials ETF,financial_sanctions,ETF,broad_proxy,sector_proxy,0.64,case_2023_arctic_lng_russian_energy_shipping_sanctions;case_2014_crimea_financial_sanctions;case_2018_iran_oil_sanctions_reimposition,ranked_second_order,3,"{""evidence_level"": ""sector_proxy"", ""evidence_rank"": 2, ""retrieval_support"": 0.611111, ""supporting_case_count"": 3, ""supporting_case_count_saturated"": 3, ""symbol"": ""eufn""}"
validation_v3,v3_20250224_eu_16th_russia_sanctions,EU adopts 16th Russia sanctions package targeting shadow fleet and military suppliers,MA,Mastercard Incorporated,payment_networks,Stock,direct_exposure,sector_proxy,0.64,case_2023_arctic_lng_russian_energy_shipping_sanctions;case_2014_crimea_financial_sanctions;case_2018_iran_oil_sanctions_reimposition,ranked_second_order,4,"{""evidence_level"": ""sector_proxy"", ""evidence_rank"": 2, ""retrieval_support"": 0.611111, ""supporting_case_count"": 3, ""supporting_case_count_saturated"": 3, ""symbol"": ""ma""}"
validation_v3,v3_20250224_eu_16th_russia_sanctions,EU adopts 16th Russia sanctions package targeting shadow fleet and military suppliers,V,Visa Inc,payment_networks,Stock,direct_exposure,sector_proxy,0.64,case_2023_arctic_lng_russian_energy_shipping_sanctions;case_2014_crimea_financial_sanctions;case_2018_iran_oil_sanctions_reimposition,ranked_second_order,5,"{""evidence_level"": ""sector_proxy"", ""evidence_rank"": 2, ""retrieval_support"": 0.611111, ""supporting_case_count"": 3, ""supporting_case_count_saturated"": 3, ""symbol"": ""v""}"
validation_v3,v3_20250224_eu_16th_russia_sanctions,EU adopts 16th Russia sanctions package targeting shadow fleet and military suppliers,XLF,Financial Select Sector SPDR Fund,financial_sanctions,ETF,broad_proxy,sector_proxy,0.64,case_2023_arctic_lng_russian_energy_shipping_sanctions;case_2014_crimea_financial_sanctions;case_2018_iran_oil_sanctions_reimposition,ranked_second_order,6,"{""evidence_level"": ""sector_proxy"", ""evidence_rank"": 2, ""retrieval_support"": 0.611111, ""supporting_case_count"": 3, ""supporting_case_count_saturated"": 3, ""symbol"": ""xlf""}"
validation_v3,v3_20250224_eu_16th_russia_sanctions,EU adopts 16th Russia sanctions package targeting shadow fleet and military suppliers,CB,Chubb Limited,marine_insurance,Stock,related_exposure,sector_proxy,0.64,case_2023_arctic_lng_russian_energy_shipping_sanctions;case_2018_iran_oil_sanctions_reimposition,ranked_second_order,7,"{""evidence_level"": ""sector_proxy"", ""evidence_rank"": 2, ""retrieval_support"": 0.666667, ""supporting_case_count"": 2, ""supporting_case_count_saturated"": 2, ""symbol"": ""cb""}"
validation_v3,v3_20250224_eu_16th_russia_sanctions,EU adopts 16th Russia sanctions package targeting shadow fleet and military suppliers,TRV,The Travelers Companies Inc,marine_insurance,Stock,related_exposure,sector_proxy,0.64,case_2023_arctic_lng_russian_energy_shipping_sanctions;case_2018_iran_oil_sanctions_reimposition,ranked_second_order,8,"{""evidence_level"": ""sector_proxy"", ""evidence_rank"": 2, ""retrieval_support"": 0.666667, ""supporting_case_count"": 2, ""supporting_case_count_saturated"": 2, ""symbol"": ""trv""}"
validation_v3,v3_20250201_canada_mexico_china_tariffs,"U.S. imposes tariffs on imports from Canada, Mexico and China",PICK,iShares MSCI Global Metals & Mining Producers ETF,critical_minerals,ETF,broad_proxy,sector_proxy,0.64,case_2024_ev_tariff_escalation_china;case_2021_xinjiang_forced_labor_import_restrictions,ranked_second_order,1,"{""evidence_level"": ""sector_proxy"", ""evidence_rank"": 2, ""retrieval_support"": 0.416667, ""supporting_case_count"": 2, ""supporting_case_count_saturated"": 2, ""symbol"": ""pick""}"
validation_v3,v3_20250201_canada_mexico_china_tariffs,"U.S. imposes tariffs on imports from Canada, Mexico and China",REMX,VanEck Rare Earth and Strategic Metals ETF,critical_minerals,ETF,broad_proxy,sector_proxy,0.64,case_2024_ev_tariff_escalation_china;case_2021_xinjiang_forced_labor_import_restrictions,ranked_second_order,2,"{""evidence_level"": ""sector_proxy"", ""evidence_rank"": 2, ""retrieval_support"": 0.416667, ""supporting_case_count"": 2, ""supporting_case_count_saturated"": 2, ""symbol"": ""remx""}"
