event_id,node,supporting_case_ids,audit_label,rule6_result,error_type,event_type_jaccard,asset_type_jaccard,industry_jaccard,chain_jaccard,primary_root_cause,secondary_root_cause,failure_layer,structured_chain_would_help,shock_direction_would_help,explanation,supporting_case_details_json
eval_defense_supply_chain_escalation,aviation,case_2017_north_korea_missile_escalation;case_2019_india_pakistan_airspace_closure;case_2011_libya_civil_war_oil_disruption,weak_cooccurrence,keep,weak_miss,0.0787037037037037,0.1574074074074074,0.2962962962962963,0.09285449441178029,broad_asset_type_false_agreement,transmission_position_mismatch,schema_information,yes,yes,"Aviation/defense/logistics asset-type overlap is high enough to keep the instance, but the cases mix missile/airspace disruption with Libya oil infrastructure and fuel exposure; similar asset categories do not imply the same target-node mechanism.","[{""case_id"": ""case_2017_north_korea_missile_escalation"", ""event_type"": ""missile escalation and regional security risk"", ""regions"": [""East Asia"", ""North America"", ""Global""], ""industries"": [""defense"", ""aviation"", ""electronics"", ""manufacturing"", ""logistics""], ""supply_chain_nodes"": [""defense"", ""aviation"", ""trade_lanes"", ""manufacturing_inputs"", ""logistics"", ""semiconductor_equipment""], ""affected_asset_types"": [""defense contractors"", ""airlines"", ""electronics manufacturers"", ""logistics providers"", ""regional exporters""], ""affected_assets"": [""missile defense systems"", ""East Asian air routes"", ""electronics manufacturing supply chains"", ""regional logistics networks""], ""transmission_chain"": [""missile launch escalation"", ""regional security alert"", ""airspace and route monitoring"", ""defense readiness demand"", ""manufacturing and logistics contingency planning""], ""summary"": ""North Korean missile launches over or near Japan increased regional security concern and highlighted risks to airspace, defense procurement, and East Asian manufacturing supply chains.""}, {""case_id"": ""case_2019_india_pakistan_airspace_closure"", ""event_type"": ""border military escalation and airspace disruption"", ""regions"": [""South Asia"", ""Middle East"", ""Europe"", ""Global""], ""industries"": [""aviation"", ""logistics"", ""defense"", ""transportation"", ""manufacturing""], ""supply_chain_nodes"": [""aviation"", ""defense"", ""trade_lanes"", ""freight_routes"", ""logistics"", ""manufacturing_inputs""], ""affected_asset_types"": [""airlines"", ""air cargo operators"", ""defense contractors"", ""freight forwarders"", ""manufacturers""], ""affected_assets"": [""South Asia air routes"", ""Europe-Asia long-haul flights"", ""air cargo schedules"", ""regional defense procurement""], ""transmission_chain"": [""border military escalation"", ""airspace closure"", ""flight rerouting"", ""longer transit times"", ""fuel and scheduling pressure"", ""regional logistics uncertainty""], ""summary"": ""Military escalation between India and Pakistan led Pakistan to close its airspace, forcing some airlines to reroute long-haul flights and increasing attention to regional aviation and logistics exposure.""}, {""case_id"": ""case_2011_libya_civil_war_oil_disruption"", ""event_type"": ""civil conflict and oil infrastructure supply disruption"", ""regions"": [""North Africa"", ""Europe"", ""Global""], ""industries"": [""oil"", ""refining"", ""petrochemicals"", ""shipping"", ""aviation""], ""supply_chain_nodes"": [""energy"", ""refining"", ""petrochemicals"", ""oil_shipping"", ""aviation"", ""trade_lanes"", ""logistics""], ""affected_asset_types"": [""energy producers"", ""refiners"", ""petrochemical producers"", ""airlines"", ""shipping companies""], ""affected_assets"": [""Libyan crude exports"", ""Mediterranean refinery feedstocks"", ""petrochemical inputs"", ""jet fuel exposure""], ""transmission_chain"": [""civil conflict escalation"", ""oilfield and terminal disruption"", ""crude export uncertainty"", ""refinery feedstock adjustment"", ""fuel-sensitive sector exposure""], ""summary"": ""Libya's civil war disrupted oil production and export infrastructure, affecting Mediterranean crude flows, refinery feedstock planning, petrochemical inputs, and transport-fuel sensitive sectors.""}]"
eval_dutch_asml_export_controls,critical_minerals,case_2010_china_japan_rare_earth_embargo;case_2021_xinjiang_forced_labor_import_restrictions;case_china_gallium_germanium_graphite_controls,mixed,reject,false_rejection,0.06111111111111111,0.0,0.1574074074074074,0.13590421923755258,vocabulary_mismatch,granularity_mismatch,structured_vocabulary,yes,yes,"The cases all involve critical-mineral/manufacturing-input control or compliance channels, but affected_asset_types use different labels: rare earth producers, solar/electronics importers, and semiconductor/battery suppliers.","[{""case_id"": ""case_2010_china_japan_rare_earth_embargo"", ""event_type"": ""rare earth export restriction and electronics input disruption"", ""regions"": [""East Asia"", ""North America"", ""Europe"", ""Global""], ""industries"": [""rare earths"", ""electronics"", ""automotive"", ""defense"", ""clean technology""], ""supply_chain_nodes"": [""critical_minerals"", ""rare_earths"", ""manufacturing_inputs"", ""customs"", ""defense"", ""trade_lanes""], ""affected_asset_types"": [""rare earth producers"", ""electronics manufacturers"", ""automakers"", ""defense contractors"", ""clean technology manufacturers""], ""affected_assets"": [""rare earth oxide supply"", ""magnet materials"", ""electronics components"", ""defense and automotive supply chains""], ""transmission_chain"": [""territorial dispute escalation"", ""rare earth export disruption concern"", ""customs and licensing bottleneck"", ""electronics and magnet input risk"", ""supplier diversification review""], ""summary"": ""The China-Japan maritime dispute and reported rare earth export disruption exposed dependence on Chinese rare earth processing for electronics, automotive components, defense systems, and clean technology inputs.""}, {""case_id"": ""case_2021_xinjiang_forced_labor_import_restrictions"", ""event_type"": ""forced-labor import restriction and customs compliance risk"", ""regions"": [""North America"", ""East Asia"", ""Global""], ""industries"": [""solar equipment"", ""electronics"", ""manufacturing"", ""customs compliance"", ""retail""], ""supply_chain_nodes"": [""customs"", ""trade_lanes"", ""manufacturing_inputs"", ""critical_minerals"", ""logistics""], ""affected_asset_types"": [""solar equipment manufacturers"", ""electronics importers"", ""retailers"", ""logistics providers"", ""customs brokers""], ""affected_assets"": [""solar module supply chains"", ""polysilicon-linked inputs"", ""electronics imports"", ""customs compliance workflows""], ""transmission_chain"": [""import restriction law"", ""customs documentation burden"", ""shipment detention risk"", ""supplier traceability review"", ""sourcing and inventory adjustment""], ""summary"": ""US import restrictions tied to forced-labor concerns in Xinjiang increased customs documentation and sourcing scrutiny for solar, electronics, and other manufacturing supply chains.""}, {""case_id"": ""case_china_gallium_germanium_graphite_controls"", ""event_type"": ""critical minerals export controls"", ""regions"": [""East Asia"", ""Global""], ""industries"": [""semiconductors"", ""battery materials"", ""solar equipment"", ""electronics"", ""electric vehicles""], ""supply_chain_nodes"": [""critical_minerals"", ""gallium_germanium_graphite"", ""semiconductor_equipment"", ""ai_chips"", ""manufacturing_inputs"", ""customs""], ""affected_asset_types"": [""semiconductor suppliers"", ""battery manufacturers"", ""solar equipment producers"", ""EV supply chains"", ""critical mineral processors""], ""affected_assets"": [""gallium and germanium supply"", ""graphite anode materials"", ""compound semiconductor inputs"", ""battery material supply chains""], ""transmission_chain"": [""export licensing rules"", ""critical mineral shipment uncertainty"", ""semiconductor and battery input risk"", ""compliance burden"", ""supplier diversification efforts""], ""summary"": ""China introduced export controls on gallium and germanium in 2023 and later added graphite-related controls, increasing compliance and sourcing uncertainty for semiconductor and battery supply chains.""}]"
eval_huawei_entity_list,critical_minerals,case_2021_xinjiang_forced_labor_import_restrictions;case_2010_china_japan_rare_earth_embargo,mixed,reject,false_rejection,0.08333333333333333,0.0,0.1111111111111111,0.10714285714285714,vocabulary_mismatch,granularity_mismatch,structured_vocabulary,yes,yes,"The non-weak relation is visible through critical_minerals/customs/manufacturing_inputs and electronics input context, but event_type and affected_asset_type strings are too different for rule_6.","[{""case_id"": ""case_2021_xinjiang_forced_labor_import_restrictions"", ""event_type"": ""forced-labor import restriction and customs compliance risk"", ""regions"": [""North America"", ""East Asia"", ""Global""], ""industries"": [""solar equipment"", ""electronics"", ""manufacturing"", ""customs compliance"", ""retail""], ""supply_chain_nodes"": [""customs"", ""trade_lanes"", ""manufacturing_inputs"", ""critical_minerals"", ""logistics""], ""affected_asset_types"": [""solar equipment manufacturers"", ""electronics importers"", ""retailers"", ""logistics providers"", ""customs brokers""], ""affected_assets"": [""solar module supply chains"", ""polysilicon-linked inputs"", ""electronics imports"", ""customs compliance workflows""], ""transmission_chain"": [""import restriction law"", ""customs documentation burden"", ""shipment detention risk"", ""supplier traceability review"", ""sourcing and inventory adjustment""], ""summary"": ""US import restrictions tied to forced-labor concerns in Xinjiang increased customs documentation and sourcing scrutiny for solar, electronics, and other manufacturing supply chains.""}, {""case_id"": ""case_2010_china_japan_rare_earth_embargo"", ""event_type"": ""rare earth export restriction and electronics input disruption"", ""regions"": [""East Asia"", ""North America"", ""Europe"", ""Global""], ""industries"": [""rare earths"", ""electronics"", ""automotive"", ""defense"", ""clean technology""], ""supply_chain_nodes"": [""critical_minerals"", ""rare_earths"", ""manufacturing_inputs"", ""customs"", ""defense"", ""trade_lanes""], ""affected_asset_types"": [""rare earth producers"", ""electronics manufacturers"", ""automakers"", ""defense contractors"", ""clean technology manufacturers""], ""affected_assets"": [""rare earth oxide supply"", ""magnet materials"", ""electronics components"", ""defense and automotive supply chains""], ""transmission_chain"": [""territorial dispute escalation"", ""rare earth export disruption concern"", ""customs and licensing bottleneck"", ""electronics and magnet input risk"", ""supplier diversification review""], ""summary"": ""The China-Japan maritime dispute and reported rare earth export disruption exposed dependence on Chinese rare earth processing for electronics, automotive components, defense systems, and clean technology inputs.""}]"
eval_huawei_entity_list,defense,case_2024_taiwan_strait_drills_semiconductor_supply;case_2010_china_japan_rare_earth_embargo;case_taiwan_strait_semiconductor_risk;case_2019_turkey_f35_s400_defense_restrictions,weak_cooccurrence,keep,weak_miss,0.05562770562770563,0.16865079365079363,0.27314814814814814,0.1382233443783314,broad_asset_type_false_agreement,high_frequency_node_context_leakage,schema_information,yes,yes,"Defense/electronics/manufacturing asset-type overlap keeps the instance, but defense appears as a broad downstream context across semiconductor tension, mineral inputs, and procurement restriction rather than a shared target-node transmission role.","[{""case_id"": ""case_2024_taiwan_strait_drills_semiconductor_supply"", ""event_type"": ""taiwan strait semiconductor supply-chain disruption"", ""regions"": [""East Asia"", ""Global""], ""industries"": [""semiconductors"", ""AI chips"", ""electronics"", ""data centers"", ""defense""], ""supply_chain_nodes"": [""taiwan_semiconductor_supply"", ""foundry"", ""ai_chips"", ""semiconductor_equipment"", ""data_centers"", ""defense""], ""affected_asset_types"": [""semiconductor foundries"", ""AI chip designers"", ""semiconductor equipment companies"", ""electronics manufacturers"", ""data center suppliers""], ""affected_assets"": [""Taiwan advanced foundry capacity"", ""AI accelerator supply chains"", ""semiconductor equipment demand planning"", ""electronics hardware supply""], ""transmission_chain"": [""military drills"", ""regional logistics and continuity concern"", ""advanced foundry concentration risk"", ""chip supply uncertainty"", ""electronics and data center contingency planning""], ""summary"": ""Military drills around Taiwan highlighted the concentration of advanced semiconductor manufacturing and the potential for disruption to global chip supply chains.""}, {""case_id"": ""case_2010_china_japan_rare_earth_embargo"", ""event_type"": ""rare earth export restriction and electronics input disruption"", ""regions"": [""East Asia"", ""North America"", ""Europe"", ""Global""], ""industries"": [""rare earths"", ""electronics"", ""automotive"", ""defense"", ""clean technology""], ""supply_chain_nodes"": [""critical_minerals"", ""rare_earths"", ""manufacturing_inputs"", ""customs"", ""defense"", ""trade_lanes""], ""affected_asset_types"": [""rare earth producers"", ""electronics manufacturers"", ""automakers"", ""defense contractors"", ""clean technology manufacturers""], ""affected_assets"": [""rare earth oxide supply"", ""magnet materials"", ""electronics components"", ""defense and automotive supply chains""], ""transmission_chain"": [""territorial dispute escalation"", ""rare earth export disruption concern"", ""customs and licensing bottleneck"", ""electronics and magnet input risk"", ""supplier diversification review""], ""summary"": ""The China-Japan maritime dispute and reported rare earth export disruption exposed dependence on Chinese rare earth processing for electronics, automotive components, defense systems, and clean technology inputs.""}, {""case_id"": ""case_taiwan_strait_semiconductor_risk"", ""event_type"": ""regional military tension and semiconductor supply risk"", ""regions"": [""East Asia"", ""Global""], ""industries"": [""semiconductors"", ""electronics"", ""AI chips"", ""data centers"", ""consumer electronics""], ""supply_chain_nodes"": [""foundry"", ""ai_chips"", ""semiconductor_equipment"", ""data_centers"", ""manufacturing_inputs"", ""defense""], ""affected_asset_types"": [""semiconductor foundries"", ""advanced chip designers"", ""electronics manufacturers"", ""data center suppliers"", ""defense contractors""], ""affected_assets"": [""Taiwan semiconductor fabrication capacity"", ""advanced GPU supply chains"", ""consumer electronics supply chains"", ""cloud data center hardware""], ""transmission_chain"": [""regional military tension"", ""shipping and airspace disruption risk"", ""foundry production concern"", ""advanced chip supply uncertainty"", ""electronics supply chain contingency planning""], ""summary"": ""Military activity and political tension around the Taiwan Strait raised concerns about continuity of advanced semiconductor production and electronics supply chains.""}, {""case_id"": ""case_2019_turkey_f35_s400_defense_restrictions"", ""event_type"": ""defense procurement restriction and aerospace supply-chain adjustment"", ""regions"": [""Middle East"", ""Europe"", ""North America"", ""Global""], ""industries"": [""defense"", ""aerospace"", ""manufacturing"", ""electronics"", ""trade compliance""], ""supply_chain_nodes"": [""defense"", ""aerospace_supply_chain"", ""manufacturing_inputs"", ""customs"", ""trade_lanes"", ""semiconductor_equipment""], ""affected_asset_types"": [""defense contractors"", ""aerospace manufacturers"", ""component suppliers"", ""electronics suppliers"", ""trade compliance providers""], ""affected_assets"": [""F-35 supplier network"", ""Turkish aerospace components"", ""defense electronics inputs"", ""export-controlled manufacturing flows""], ""transmission_chain"": [""defense policy dispute"", ""program participation restriction"", ""aerospace supplier substitution"", ""export compliance review"", ""manufacturing input reallocation""], ""summary"": ""Turkey's removal from the F-35 program after acquiring Russia's S-400 system illustrated how defense procurement disputes can force aerospace supplier substitution, export-compliance reviews, and manufacturing input realignment.""}]"
eval_middle_east_oil_infrastructure_attack,logistics,case_2011_libya_civil_war_oil_disruption;case_1987_1988_tanker_war_reflagging,weak_cooccurrence,keep,weak_miss,0.2222222222222222,0.1111111111111111,0.0,0.06896551724137931,transmission_position_mismatch,broad_event_type_false_agreement,schema_information,yes,yes,"The cases are both oil/security disruptions, so event-type overlap is high, but logistics is peripheral and appears in different chain positions: fuel-sensitive sector exposure versus routing/convoy constraints.","[{""case_id"": ""case_2011_libya_civil_war_oil_disruption"", ""event_type"": ""civil conflict and oil infrastructure supply disruption"", ""regions"": [""North Africa"", ""Europe"", ""Global""], ""industries"": [""oil"", ""refining"", ""petrochemicals"", ""shipping"", ""aviation""], ""supply_chain_nodes"": [""energy"", ""refining"", ""petrochemicals"", ""oil_shipping"", ""aviation"", ""trade_lanes"", ""logistics""], ""affected_asset_types"": [""energy producers"", ""refiners"", ""petrochemical producers"", ""airlines"", ""shipping companies""], ""affected_assets"": [""Libyan crude exports"", ""Mediterranean refinery feedstocks"", ""petrochemical inputs"", ""jet fuel exposure""], ""transmission_chain"": [""civil conflict escalation"", ""oilfield and terminal disruption"", ""crude export uncertainty"", ""refinery feedstock adjustment"", ""fuel-sensitive sector exposure""], ""summary"": ""Libya's civil war disrupted oil production and export infrastructure, affecting Mediterranean crude flows, refinery feedstock planning, petrochemical inputs, and transport-fuel sensitive sectors.""}, {""case_id"": ""case_1987_1988_tanker_war_reflagging"", ""event_type"": ""maritime chokepoint security and oil shipping disruption"", ""regions"": [""Middle East"", ""Global""], ""industries"": [""oil shipping"", ""energy"", ""marine insurance"", ""defense"", ""logistics""], ""supply_chain_nodes"": [""maritime_chokepoint"", ""oil_shipping"", ""marine_insurance"", ""freight_routes"", ""energy"", ""defense"", ""logistics""], ""affected_asset_types"": [""tanker operators"", ""energy producers"", ""marine insurers"", ""logistics providers"", ""defense contractors""], ""affected_assets"": [""Persian Gulf tanker routes"", ""crude oil cargo schedules"", ""marine war-risk insurance"", ""energy shipping logistics""], ""transmission_chain"": [""regional military escalation"", ""tanker attack risk"", ""war-risk insurance repricing"", ""convoy and routing constraints"", ""oil cargo timing uncertainty""], ""summary"": ""During the Iran-Iraq Tanker War, attacks on commercial tankers and the reflagging of Kuwaiti vessels highlighted how military escalation around the Persian Gulf can transmit through tanker security, war-risk insurance, convoy operations, and oil shipping routes.""}]"
eval_semiconductor_export_controls,critical_minerals,case_2010_china_japan_rare_earth_embargo;case_china_gallium_germanium_graphite_controls,mixed,reject,false_rejection,0.1,0.0,0.1111111111111111,0.18518518518518517,vocabulary_mismatch,granularity_mismatch,structured_vocabulary,yes,yes,"Both cases are critical-mineral export/input restrictions, but event_type and affected_asset_type vocabulary differs between rare-earth/electronics and gallium/graphite/semiconductor/battery categories.","[{""case_id"": ""case_2010_china_japan_rare_earth_embargo"", ""event_type"": ""rare earth export restriction and electronics input disruption"", ""regions"": [""East Asia"", ""North America"", ""Europe"", ""Global""], ""industries"": [""rare earths"", ""electronics"", ""automotive"", ""defense"", ""clean technology""], ""supply_chain_nodes"": [""critical_minerals"", ""rare_earths"", ""manufacturing_inputs"", ""customs"", ""defense"", ""trade_lanes""], ""affected_asset_types"": [""rare earth producers"", ""electronics manufacturers"", ""automakers"", ""defense contractors"", ""clean technology manufacturers""], ""affected_assets"": [""rare earth oxide supply"", ""magnet materials"", ""electronics components"", ""defense and automotive supply chains""], ""transmission_chain"": [""territorial dispute escalation"", ""rare earth export disruption concern"", ""customs and licensing bottleneck"", ""electronics and magnet input risk"", ""supplier diversification review""], ""summary"": ""The China-Japan maritime dispute and reported rare earth export disruption exposed dependence on Chinese rare earth processing for electronics, automotive components, defense systems, and clean technology inputs.""}, {""case_id"": ""case_china_gallium_germanium_graphite_controls"", ""event_type"": ""critical minerals export controls"", ""regions"": [""East Asia"", ""Global""], ""industries"": [""semiconductors"", ""battery materials"", ""solar equipment"", ""electronics"", ""electric vehicles""], ""supply_chain_nodes"": [""critical_minerals"", ""gallium_germanium_graphite"", ""semiconductor_equipment"", ""ai_chips"", ""manufacturing_inputs"", ""customs""], ""affected_asset_types"": [""semiconductor suppliers"", ""battery manufacturers"", ""solar equipment producers"", ""EV supply chains"", ""critical mineral processors""], ""affected_assets"": [""gallium and germanium supply"", ""graphite anode materials"", ""compound semiconductor inputs"", ""battery material supply chains""], ""transmission_chain"": [""export licensing rules"", ""critical mineral shipment uncertainty"", ""semiconductor and battery input risk"", ""compliance burden"", ""supplier diversification efforts""], ""summary"": ""China introduced export controls on gallium and germanium in 2023 and later added graphite-related controls, increasing compliance and sourcing uncertainty for semiconductor and battery supply chains.""}]"
eval_semiconductor_export_controls,defense,case_2024_taiwan_strait_drills_semiconductor_supply;case_2010_china_japan_rare_earth_embargo;case_taiwan_strait_semiconductor_risk;case_2019_turkey_f35_s400_defense_restrictions,weak_cooccurrence,keep,weak_miss,0.05562770562770563,0.16865079365079363,0.27314814814814814,0.1382233443783314,broad_asset_type_false_agreement,high_frequency_node_context_leakage,schema_information,yes,yes,"Same failure as Huawei/defense: overlapping defense/electronics/manufacturing labels bridge otherwise different mechanisms, while defense is not consistently the same transmission role.","[{""case_id"": ""case_2024_taiwan_strait_drills_semiconductor_supply"", ""event_type"": ""taiwan strait semiconductor supply-chain disruption"", ""regions"": [""East Asia"", ""Global""], ""industries"": [""semiconductors"", ""AI chips"", ""electronics"", ""data centers"", ""defense""], ""supply_chain_nodes"": [""taiwan_semiconductor_supply"", ""foundry"", ""ai_chips"", ""semiconductor_equipment"", ""data_centers"", ""defense""], ""affected_asset_types"": [""semiconductor foundries"", ""AI chip designers"", ""semiconductor equipment companies"", ""electronics manufacturers"", ""data center suppliers""], ""affected_assets"": [""Taiwan advanced foundry capacity"", ""AI accelerator supply chains"", ""semiconductor equipment demand planning"", ""electronics hardware supply""], ""transmission_chain"": [""military drills"", ""regional logistics and continuity concern"", ""advanced foundry concentration risk"", ""chip supply uncertainty"", ""electronics and data center contingency planning""], ""summary"": ""Military drills around Taiwan highlighted the concentration of advanced semiconductor manufacturing and the potential for disruption to global chip supply chains.""}, {""case_id"": ""case_2010_china_japan_rare_earth_embargo"", ""event_type"": ""rare earth export restriction and electronics input disruption"", ""regions"": [""East Asia"", ""North America"", ""Europe"", ""Global""], ""industries"": [""rare earths"", ""electronics"", ""automotive"", ""defense"", ""clean technology""], ""supply_chain_nodes"": [""critical_minerals"", ""rare_earths"", ""manufacturing_inputs"", ""customs"", ""defense"", ""trade_lanes""], ""affected_asset_types"": [""rare earth producers"", ""electronics manufacturers"", ""automakers"", ""defense contractors"", ""clean technology manufacturers""], ""affected_assets"": [""rare earth oxide supply"", ""magnet materials"", ""electronics components"", ""defense and automotive supply chains""], ""transmission_chain"": [""territorial dispute escalation"", ""rare earth export disruption concern"", ""customs and licensing bottleneck"", ""electronics and magnet input risk"", ""supplier diversification review""], ""summary"": ""The China-Japan maritime dispute and reported rare earth export disruption exposed dependence on Chinese rare earth processing for electronics, automotive components, defense systems, and clean technology inputs.""}, {""case_id"": ""case_taiwan_strait_semiconductor_risk"", ""event_type"": ""regional military tension and semiconductor supply risk"", ""regions"": [""East Asia"", ""Global""], ""industries"": [""semiconductors"", ""electronics"", ""AI chips"", ""data centers"", ""consumer electronics""], ""supply_chain_nodes"": [""foundry"", ""ai_chips"", ""semiconductor_equipment"", ""data_centers"", ""manufacturing_inputs"", ""defense""], ""affected_asset_types"": [""semiconductor foundries"", ""advanced chip designers"", ""electronics manufacturers"", ""data center suppliers"", ""defense contractors""], ""affected_assets"": [""Taiwan semiconductor fabrication capacity"", ""advanced GPU supply chains"", ""consumer electronics supply chains"", ""cloud data center hardware""], ""transmission_chain"": [""regional military tension"", ""shipping and airspace disruption risk"", ""foundry production concern"", ""advanced chip supply uncertainty"", ""electronics supply chain contingency planning""], ""summary"": ""Military activity and political tension around the Taiwan Strait raised concerns about continuity of advanced semiconductor production and electronics supply chains.""}, {""case_id"": ""case_2019_turkey_f35_s400_defense_restrictions"", ""event_type"": ""defense procurement restriction and aerospace supply-chain adjustment"", ""regions"": [""Middle East"", ""Europe"", ""North America"", ""Global""], ""industries"": [""defense"", ""aerospace"", ""manufacturing"", ""electronics"", ""trade compliance""], ""supply_chain_nodes"": [""defense"", ""aerospace_supply_chain"", ""manufacturing_inputs"", ""customs"", ""trade_lanes"", ""semiconductor_equipment""], ""affected_asset_types"": [""defense contractors"", ""aerospace manufacturers"", ""component suppliers"", ""electronics suppliers"", ""trade compliance providers""], ""affected_assets"": [""F-35 supplier network"", ""Turkish aerospace components"", ""defense electronics inputs"", ""export-controlled manufacturing flows""], ""transmission_chain"": [""defense policy dispute"", ""program participation restriction"", ""aerospace supplier substitution"", ""export compliance review"", ""manufacturing input reallocation""], ""summary"": ""Turkey's removal from the F-35 program after acquiring Russia's S-400 system illustrated how defense procurement disputes can force aerospace supplier substitution, export-compliance reviews, and manufacturing input realignment.""}]"
eval_uranium_nuclear_fuel_disruption,marine_insurance,case_2023_arctic_lng_russian_energy_shipping_sanctions;case_israel_iran_escalation_energy_risk;case_2023_red_sea_attacks;case_hormuz_tanker_tensions,weak_cooccurrence,keep,weak_miss,0.14722222222222223,0.21753246753246755,0.25,0.11253858024691357,high_frequency_node_context_leakage,missing_transmission_context,schema_information,yes,yes,"Supporting cases are internally similar energy/shipping/insurance cases, so rule_6 keeps them, but for a uranium/nuclear-fuel event the marine_insurance path is a broad domain leak rather than a clearly supported current-event mechanism.","[{""case_id"": ""case_2023_arctic_lng_russian_energy_shipping_sanctions"", ""event_type"": ""energy shipping sanctions and Arctic LNG disruption risk"", ""regions"": [""Europe"", ""Arctic"", ""East Asia"", ""Global""], ""industries"": [""LNG"", ""shipping"", ""energy"", ""marine insurance"", ""financial services""], ""supply_chain_nodes"": [""lng_shipping"", ""energy"", ""marine_insurance"", ""financial_sanctions"", ""payment_networks"", ""maritime_chokepoint"", ""oil_shipping""], ""affected_asset_types"": [""LNG carriers"", ""energy producers"", ""marine insurers"", ""banks"", ""gas utilities"", ""shipbuilders""], ""affected_assets"": [""Russian Arctic LNG cargoes"", ""ice-class LNG carrier availability"", ""energy trade finance"", ""marine insurance coverage"", ""Asian LNG procurement""], ""transmission_chain"": [""energy sanctions expansion"", ""Arctic LNG project and vessel restrictions"", ""shipping insurance and financing constraints"", ""LNG cargo timing uncertainty"", ""buyer sourcing and route adjustment""], ""summary"": ""Sanctions and export-control pressure on Russian Arctic LNG projects increased uncertainty around LNG shipping, specialized vessels, financing, insurance, and long-distance energy flows to Asian and European buyers.""}, {""case_id"": ""case_israel_iran_escalation_energy_risk"", ""event_type"": ""regional military escalation and energy chokepoint risk"", ""regions"": [""Middle East"", ""Global""], ""industries"": [""oil"", ""LNG"", ""tanker shipping"", ""marine insurance"", ""refining""], ""supply_chain_nodes"": [""defense"", ""energy"", ""maritime_chokepoint"", ""oil_shipping"", ""lng_shipping"", ""marine_insurance"", ""refining""], ""affected_asset_types"": [""crude oil"", ""LNG"", ""tanker operators"", ""marine insurers"", ""defense contractors"", ""refiners""], ""affected_assets"": [""Persian Gulf crude exports"", ""LNG cargo flows"", ""tanker routes"", ""marine insurance premiums"", ""regional defense demand""], ""transmission_chain"": [""regional military escalation"", ""risk of wider conflict"", ""energy chokepoint concern"", ""tanker and insurance risk"", ""refining and fuel supply sensitivity""], ""summary"": ""Direct escalation between Israel and Iran raised concern about broader regional conflict and potential disruption risks for Persian Gulf energy transport routes.""}, {""case_id"": ""case_2023_red_sea_attacks"", ""event_type"": ""maritime security disruption"", ""regions"": [""Middle East"", ""Red Sea"", ""Europe"", ""Asia""], ""industries"": [""container shipping"", ""energy shipping"", ""insurance"", ""logistics"", ""retail""], ""supply_chain_nodes"": [""maritime_chokepoint"", ""container_shipping"", ""freight_routes"", ""marine_insurance"", ""oil_shipping"", ""lng_shipping"", ""logistics""], ""affected_asset_types"": [""shipping equities"", ""freight rates"", ""marine insurers"", ""energy transport"", ""import-dependent retailers""], ""affected_assets"": [""container carriers"", ""tanker operators"", ""marine insurance underwriters"", ""European importers"", ""Asian exporters""], ""transmission_chain"": [""vessel security risk"", ""carrier route diversions"", ""longer voyage duration"", ""higher fuel and insurance costs"", ""schedule disruption"", ""delivery delays""], ""summary"": ""Attacks on commercial vessels in the Red Sea led many shipping lines to divert around the Cape of Good Hope, lengthening transit times and increasing operational and insurance complexity.""}, {""case_id"": ""case_hormuz_tanker_tensions"", ""event_type"": ""energy chokepoint security risk"", ""regions"": [""Middle East"", ""Persian Gulf""], ""industries"": [""oil"", ""LNG"", ""tanker shipping"", ""marine insurance"", ""refining""], ""supply_chain_nodes"": [""maritime_chokepoint"", ""oil_shipping"", ""lng_shipping"", ""marine_insurance"", ""energy"", ""refining""], ""affected_asset_types"": [""crude oil"", ""LNG"", ""tanker operators"", ""energy producers"", ""refiners"", ""marine insurers""], ""affected_assets"": [""Persian Gulf crude exports"", ""LNG cargoes from Qatar"", ""tanker fleets"", ""oil importers"", ""refining margins""], ""transmission_chain"": [""regional military tension"", ""tanker security incidents"", ""perceived chokepoint risk"", ""insurance and routing concerns"", ""energy supply risk premium""], ""summary"": ""Tanker attacks and seizures around the Strait of Hormuz raised concern over the security of a major oil and LNG transit route from the Persian Gulf.""}]"
eval_uranium_nuclear_fuel_disruption,maritime_chokepoint,case_2023_arctic_lng_russian_energy_shipping_sanctions;case_israel_iran_escalation_energy_risk;case_2023_red_sea_attacks;case_hormuz_tanker_tensions,weak_cooccurrence,keep,weak_miss,0.14722222222222223,0.21753246753246755,0.25,0.11253858024691357,high_frequency_node_context_leakage,missing_transmission_context,schema_information,yes,yes,"Energy shipping/chokepoint cases are internally similar, but the current uranium/nuclear-fuel event does not establish the same maritime_chokepoint transmission role from the available structured fields.","[{""case_id"": ""case_2023_arctic_lng_russian_energy_shipping_sanctions"", ""event_type"": ""energy shipping sanctions and Arctic LNG disruption risk"", ""regions"": [""Europe"", ""Arctic"", ""East Asia"", ""Global""], ""industries"": [""LNG"", ""shipping"", ""energy"", ""marine insurance"", ""financial services""], ""supply_chain_nodes"": [""lng_shipping"", ""energy"", ""marine_insurance"", ""financial_sanctions"", ""payment_networks"", ""maritime_chokepoint"", ""oil_shipping""], ""affected_asset_types"": [""LNG carriers"", ""energy producers"", ""marine insurers"", ""banks"", ""gas utilities"", ""shipbuilders""], ""affected_assets"": [""Russian Arctic LNG cargoes"", ""ice-class LNG carrier availability"", ""energy trade finance"", ""marine insurance coverage"", ""Asian LNG procurement""], ""transmission_chain"": [""energy sanctions expansion"", ""Arctic LNG project and vessel restrictions"", ""shipping insurance and financing constraints"", ""LNG cargo timing uncertainty"", ""buyer sourcing and route adjustment""], ""summary"": ""Sanctions and export-control pressure on Russian Arctic LNG projects increased uncertainty around LNG shipping, specialized vessels, financing, insurance, and long-distance energy flows to Asian and European buyers.""}, {""case_id"": ""case_israel_iran_escalation_energy_risk"", ""event_type"": ""regional military escalation and energy chokepoint risk"", ""regions"": [""Middle East"", ""Global""], ""industries"": [""oil"", ""LNG"", ""tanker shipping"", ""marine insurance"", ""refining""], ""supply_chain_nodes"": [""defense"", ""energy"", ""maritime_chokepoint"", ""oil_shipping"", ""lng_shipping"", ""marine_insurance"", ""refining""], ""affected_asset_types"": [""crude oil"", ""LNG"", ""tanker operators"", ""marine insurers"", ""defense contractors"", ""refiners""], ""affected_assets"": [""Persian Gulf crude exports"", ""LNG cargo flows"", ""tanker routes"", ""marine insurance premiums"", ""regional defense demand""], ""transmission_chain"": [""regional military escalation"", ""risk of wider conflict"", ""energy chokepoint concern"", ""tanker and insurance risk"", ""refining and fuel supply sensitivity""], ""summary"": ""Direct escalation between Israel and Iran raised concern about broader regional conflict and potential disruption risks for Persian Gulf energy transport routes.""}, {""case_id"": ""case_2023_red_sea_attacks"", ""event_type"": ""maritime security disruption"", ""regions"": [""Middle East"", ""Red Sea"", ""Europe"", ""Asia""], ""industries"": [""container shipping"", ""energy shipping"", ""insurance"", ""logistics"", ""retail""], ""supply_chain_nodes"": [""maritime_chokepoint"", ""container_shipping"", ""freight_routes"", ""marine_insurance"", ""oil_shipping"", ""lng_shipping"", ""logistics""], ""affected_asset_types"": [""shipping equities"", ""freight rates"", ""marine insurers"", ""energy transport"", ""import-dependent retailers""], ""affected_assets"": [""container carriers"", ""tanker operators"", ""marine insurance underwriters"", ""European importers"", ""Asian exporters""], ""transmission_chain"": [""vessel security risk"", ""carrier route diversions"", ""longer voyage duration"", ""higher fuel and insurance costs"", ""schedule disruption"", ""delivery delays""], ""summary"": ""Attacks on commercial vessels in the Red Sea led many shipping lines to divert around the Cape of Good Hope, lengthening transit times and increasing operational and insurance complexity.""}, {""case_id"": ""case_hormuz_tanker_tensions"", ""event_type"": ""energy chokepoint security risk"", ""regions"": [""Middle East"", ""Persian Gulf""], ""industries"": [""oil"", ""LNG"", ""tanker shipping"", ""marine insurance"", ""refining""], ""supply_chain_nodes"": [""maritime_chokepoint"", ""oil_shipping"", ""lng_shipping"", ""marine_insurance"", ""energy"", ""refining""], ""affected_asset_types"": [""crude oil"", ""LNG"", ""tanker operators"", ""energy producers"", ""refiners"", ""marine insurers""], ""affected_assets"": [""Persian Gulf crude exports"", ""LNG cargoes from Qatar"", ""tanker fleets"", ""oil importers"", ""refining margins""], ""transmission_chain"": [""regional military tension"", ""tanker security incidents"", ""perceived chokepoint risk"", ""insurance and routing concerns"", ""energy supply risk premium""], ""summary"": ""Tanker attacks and seizures around the Strait of Hormuz raised concern over the security of a major oil and LNG transit route from the Persian Gulf.""}]"
hard_semiconductor_controls_paraphrased,critical_minerals,case_2021_xinjiang_forced_labor_import_restrictions;case_2010_china_japan_rare_earth_embargo;case_2024_ev_tariff_escalation_china,mixed,reject,false_rejection,0.08585858585858586,0.037037037037037035,0.12037037037037036,0.14496735148909062,vocabulary_mismatch,granularity_mismatch,structured_vocabulary,yes,yes,"The cases share import/export controls, customs, manufacturing inputs, and clean-tech/electronics supply context, but affected_asset_type labels are split across retailers/importers, rare-earth producers, EV/battery/solar producers.","[{""case_id"": ""case_2021_xinjiang_forced_labor_import_restrictions"", ""event_type"": ""forced-labor import restriction and customs compliance risk"", ""regions"": [""North America"", ""East Asia"", ""Global""], ""industries"": [""solar equipment"", ""electronics"", ""manufacturing"", ""customs compliance"", ""retail""], ""supply_chain_nodes"": [""customs"", ""trade_lanes"", ""manufacturing_inputs"", ""critical_minerals"", ""logistics""], ""affected_asset_types"": [""solar equipment manufacturers"", ""electronics importers"", ""retailers"", ""logistics providers"", ""customs brokers""], ""affected_assets"": [""solar module supply chains"", ""polysilicon-linked inputs"", ""electronics imports"", ""customs compliance workflows""], ""transmission_chain"": [""import restriction law"", ""customs documentation burden"", ""shipment detention risk"", ""supplier traceability review"", ""sourcing and inventory adjustment""], ""summary"": ""US import restrictions tied to forced-labor concerns in Xinjiang increased customs documentation and sourcing scrutiny for solar, electronics, and other manufacturing supply chains.""}, {""case_id"": ""case_2010_china_japan_rare_earth_embargo"", ""event_type"": ""rare earth export restriction and electronics input disruption"", ""regions"": [""East Asia"", ""North America"", ""Europe"", ""Global""], ""industries"": [""rare earths"", ""electronics"", ""automotive"", ""defense"", ""clean technology""], ""supply_chain_nodes"": [""critical_minerals"", ""rare_earths"", ""manufacturing_inputs"", ""customs"", ""defense"", ""trade_lanes""], ""affected_asset_types"": [""rare earth producers"", ""electronics manufacturers"", ""automakers"", ""defense contractors"", ""clean technology manufacturers""], ""affected_assets"": [""rare earth oxide supply"", ""magnet materials"", ""electronics components"", ""defense and automotive supply chains""], ""transmission_chain"": [""territorial dispute escalation"", ""rare earth export disruption concern"", ""customs and licensing bottleneck"", ""electronics and magnet input risk"", ""supplier diversification review""], ""summary"": ""The China-Japan maritime dispute and reported rare earth export disruption exposed dependence on Chinese rare earth processing for electronics, automotive components, defense systems, and clean technology inputs.""}, {""case_id"": ""case_2024_ev_tariff_escalation_china"", ""event_type"": ""tariff escalation and clean technology trade restriction"", ""regions"": [""North America"", ""East Asia"", ""Europe"", ""Global""], ""industries"": [""electric vehicles"", ""battery materials"", ""solar equipment"", ""manufacturing"", ""logistics""], ""supply_chain_nodes"": [""customs"", ""trade_lanes"", ""battery_materials"", ""manufacturing_inputs"", ""logistics"", ""critical_minerals""], ""affected_asset_types"": [""EV manufacturers"", ""battery suppliers"", ""solar equipment producers"", ""logistics providers"", ""manufacturers""], ""affected_assets"": [""EV import flows"", ""battery component supply chains"", ""solar equipment imports"", ""clean technology manufacturing inputs""], ""transmission_chain"": [""tariff escalation"", ""higher landed cost"", ""customs classification review"", ""supplier localization pressure"", ""EV and battery supply-chain adjustment""], ""summary"": ""Higher tariffs on China-linked electric vehicles and clean technology imports increased attention to landed costs, customs classification, and supply-chain localization for EV and battery inputs.""}]"
