event_id,event_date,event_type,symbol,node,asset_type,source,transmission_order,confidence,evidence_label,supporting_case_ids,evidence_reason,baseline_type,expected_direction,car,standardized_car,direction,hit,missing_data_reason,t0_date,alpha,beta
candidate_d41a5f82d14a,2025-10-10,critical minerals resource restrictions,DSGX,customs,Stock,georisk,first_order,0.64,sector_proxy,case_china_gallium_germanium_graphite_controls;case_2023_china_graphite_battery_export_controls,"Channel support inherited from transmission node 'customs', which is a first-order (directly implicated) node corroborated by 2 retrieved case(s). The Descartes Systems Group Inc maps to this supported channel but is not individually named. Risk watchlist candidate, not a trading signal. This does not predict price movement.",,,0.02542989778560758,0.8466504799014427,positive,False,,2025-10-10,-0.00191226259822634,0.8823640816708965
candidate_d41a5f82d14a,2025-10-10,critical minerals resource restrictions,CHRW,customs,Stock,georisk,first_order,0.64,sector_proxy,case_china_gallium_germanium_graphite_controls;case_2023_china_graphite_battery_export_controls,"Channel support inherited from transmission node 'customs', which is a first-order (directly implicated) node corroborated by 2 retrieved case(s). C H Robinson Worldwide Inc maps to this supported channel but is not individually named. Risk watchlist candidate, not a trading signal. This does not predict price movement.",,,-0.06905720647127522,-1.926315864285875,negative,False,,2025-10-10,0.001795601975927673,0.6768605003730074
candidate_d41a5f82d14a,2025-10-10,critical minerals resource restrictions,DE,manufacturing_inputs,Stock,georisk,first_order,0.64,sector_proxy,case_china_gallium_germanium_graphite_controls;case_rare_earth_export_restriction_risk;case_2023_china_graphite_battery_export_controls,"Channel support inherited from transmission node 'manufacturing_inputs', which is a first-order (directly implicated) node corroborated by 3 retrieved case(s). Deere & Company maps to this supported channel but is not individually named. Risk watchlist candidate, not a trading signal. This does not predict price movement.",,,-0.03202103024240036,-1.360480759780756,negative,False,,2025-10-10,-0.0011038857160225214,0.8472750923940138
candidate_d41a5f82d14a,2025-10-10,critical minerals resource restrictions,CAT,manufacturing_inputs,Stock,georisk,first_order,0.64,sector_proxy,case_china_gallium_germanium_graphite_controls;case_rare_earth_export_restriction_risk;case_2023_china_graphite_battery_export_controls,"Channel support inherited from transmission node 'manufacturing_inputs', which is a first-order (directly implicated) node corroborated by 3 retrieved case(s). Caterpillar Inc maps to this supported channel but is not individually named. Risk watchlist candidate, not a trading signal. This does not predict price movement.",,,0.01588638481682387,0.8681324712548819,positive,False,,2025-10-10,0.0017430882779275922,1.0514593587836045
candidate_d41a5f82d14a,2025-10-10,critical minerals resource restrictions,REMX,critical_minerals,ETF,georisk,first_order,0.64,sector_proxy,case_china_gallium_germanium_graphite_controls;case_rare_earth_export_restriction_risk;case_2023_china_graphite_battery_export_controls,"Channel support inherited from transmission node 'critical_minerals', which is a first-order (directly implicated) node corroborated by 3 retrieved case(s). VanEck Rare Earth and Strategic Metals ETF maps to this supported channel but is not individually named. Risk watchlist candidate, not a trading signal. This does not predict price movement.",,,0.07720380963928461,1.9562727992414162,positive,False,,2025-10-10,0.0031606448844751045,0.9780396861210201
candidate_d41a5f82d14a,2025-10-10,critical minerals resource restrictions,PICK,critical_minerals,ETF,georisk,first_order,0.64,sector_proxy,case_china_gallium_germanium_graphite_controls;case_rare_earth_export_restriction_risk;case_2023_china_graphite_battery_export_controls,"Channel support inherited from transmission node 'critical_minerals', which is a first-order (directly implicated) node corroborated by 3 retrieved case(s). iShares MSCI Global Metals & Mining Producers ETF maps to this supported channel but is not individually named. Risk watchlist candidate, not a trading signal. This does not predict price movement.",,,0.013235064582453472,0.7020695128152932,positive,False,,2025-10-10,0.0006674248558877758,0.8972214337772545
candidate_d41a5f82d14a,2025-10-10,critical minerals resource restrictions,MP,rare_earths,Stock,georisk,first_order,0.64,sector_proxy,case_rare_earth_export_restriction_risk,"Channel support inherited from transmission node 'rare_earths', which is a first-order (directly implicated) node corroborated by 1 retrieved case(s). MP Materials Corp maps to this supported channel but is not individually named. Risk watchlist candidate, not a trading signal. This does not predict price movement.",,,0.303115928553071,2.4741389653975436,positive,True,,2025-10-10,0.009377381472928768,0.6889907107230404
candidate_d41a5f82d14a,2025-10-10,critical minerals resource restrictions,LYSDY,rare_earths,ADR,georisk,first_order,0.64,sector_proxy,case_rare_earth_export_restriction_risk,"Channel support inherited from transmission node 'rare_earths', which is a first-order (directly implicated) node corroborated by 1 retrieved case(s). Lynas Rare Earths Ltd ADR maps to this supported channel but is not individually named. Risk watchlist candidate, not a trading signal. This does not predict price movement.",,,0.12865857966068386,2.075690573926679,positive,True,,2025-10-10,0.00730042584890405,0.5299668682684122
candidate_d41a5f82d14a,2025-10-10,critical minerals resource restrictions,NEO.TO,gallium_germanium_graphite,Stock,georisk,first_order,0.64,sector_proxy,case_china_gallium_germanium_graphite_controls;case_2023_china_graphite_battery_export_controls,"Channel support inherited from transmission node 'gallium_germanium_graphite', which is a first-order (directly implicated) node corroborated by 2 retrieved case(s). Neo Performance Materials Inc maps to this supported channel but is not individually named. Risk watchlist candidate, not a trading signal. This does not predict price movement.",,,0.12413131439737109,2.1906790200537523,positive,True,,2025-10-10,0.006253092988124109,0.9690439331799843
candidate_d41a5f82d14a,2025-10-10,critical minerals resource restrictions,SYR.AX,gallium_germanium_graphite,Stock,georisk,first_order,0.64,sector_proxy,case_china_gallium_germanium_graphite_controls;case_2023_china_graphite_battery_export_controls,"Channel support inherited from transmission node 'gallium_germanium_graphite', which is a first-order (directly implicated) node corroborated by 2 retrieved case(s). Syrah Resources Ltd maps to this supported channel but is not individually named. Risk watchlist candidate, not a trading signal. This does not predict price movement.",,,0.2334238386940041,2.390445214741341,positive,True,,2025-10-10,0.0013010037569683524,0.3378584369001066
candidate_d41a5f82d14a,2025-10-10,critical minerals resource restrictions,QQQ,broad_market_growth,equity_etf,baseline,,,,,,fixed_broad_market_baseline,,0.0005404106625826483,0.1103938150245512,positive,False,,2025-10-10,0.00035563244758932084,1.118632795522948
candidate_d41a5f82d14a,2025-10-10,critical minerals resource restrictions,XLF,financials,equity_etf,baseline,,,,,,fixed_sector_baseline,,-0.001998202539360839,-0.2098497655366118,negative,False,,2025-10-10,-0.0004467470930801399,0.8491948693790201
candidate_d41a5f82d14a,2025-10-10,critical minerals resource restrictions,XLV,healthcare,equity_etf,baseline,,,,,,fixed_sector_baseline,,-0.004810589329967756,-0.29086524520750173,negative,False,,2025-10-10,-0.0014162348919055697,0.5971145903240646
candidate_355782516069,2025-10-03,cyberattack critical infrastructure,FDX,freight_routes,Stock,georisk,first_order,0.64,sector_proxy,case_cyberattack_pipeline_port_infrastructure;case_2021_colonial_pipeline_ransomware;case_2023_port_of_nagoya_cyberattack,"Channel support inherited from transmission node 'freight_routes', which is a first-order (directly implicated) node corroborated by 3 retrieved case(s). FedEx Corporation maps to this supported channel but is not individually named. Risk watchlist candidate, not a trading signal. This does not predict price movement.",,,0.03064919285856449,1.1143620104443959,positive,False,,2025-10-03,-0.001701488800694543,1.1352738410507337
candidate_355782516069,2025-10-03,cyberattack critical infrastructure,UPS,freight_routes,Stock,georisk,first_order,0.64,sector_proxy,case_cyberattack_pipeline_port_infrastructure;case_2021_colonial_pipeline_ransomware;case_2023_port_of_nagoya_cyberattack,"Channel support inherited from transmission node 'freight_routes', which is a first-order (directly implicated) node corroborated by 3 retrieved case(s). United Parcel Service Inc maps to this supported channel but is not individually named. Risk watchlist candidate, not a trading signal. This does not predict price movement.",,,0.03142865347628051,1.139814201897047,positive,False,,2025-10-03,-0.003124483187376057,0.9198133060790405
candidate_355782516069,2025-10-03,cyberattack critical infrastructure,1199.HK,ports,Stock,georisk,first_order,0.64,sector_proxy,case_cyberattack_pipeline_port_infrastructure;case_2023_port_of_nagoya_cyberattack,"Channel support inherited from transmission node 'ports', which is a first-order (directly implicated) node corroborated by 2 retrieved case(s). COSCO SHIPPING Ports Limited maps to this supported channel but is not individually named. Risk watchlist candidate, not a trading signal. This does not predict price movement.",,,-0.014563308304096124,-0.367825509613599,negative,False,,2025-10-03,0.0016833453387690683,0.17510972759517768
candidate_355782516069,2025-10-03,cyberattack critical infrastructure,0144.HK,ports,Stock,georisk,first_order,0.64,sector_proxy,case_cyberattack_pipeline_port_infrastructure;case_2023_port_of_nagoya_cyberattack,"Channel support inherited from transmission node 'ports', which is a first-order (directly implicated) node corroborated by 2 retrieved case(s). China Merchants Port Holdings Company Limited maps to this supported channel but is not individually named. Risk watchlist candidate, not a trading signal. This does not predict price movement.",,,0.00036933960488082056,0.013018456345805852,positive,False,,2025-10-03,0.001785902981276715,0.09743146329331075
candidate_355782516069,2025-10-03,cyberattack critical infrastructure,XLE,energy,ETF,georisk,first_order,0.64,sector_proxy,case_cyberattack_pipeline_port_infrastructure;case_2021_colonial_pipeline_ransomware,"Channel support inherited from transmission node 'energy', which is a first-order (directly implicated) node corroborated by 2 retrieved case(s). Energy Select Sector SPDR Fund maps to this supported channel but is not individually named. Risk watchlist candidate, not a trading signal. This does not predict price movement.",,,0.000341505256415014,0.016150703319968204,positive,False,,2025-10-03,-0.0015013054696397887,0.9213641105366454
candidate_355782516069,2025-10-03,cyberattack critical infrastructure,XOM,energy,Stock,georisk,first_order,0.64,sector_proxy,case_cyberattack_pipeline_port_infrastructure;case_2021_colonial_pipeline_ransomware,"Channel support inherited from transmission node 'energy', which is a first-order (directly implicated) node corroborated by 2 retrieved case(s). Exxon Mobil Corporation maps to this supported channel but is not individually named. Risk watchlist candidate, not a trading signal. This does not predict price movement.",,,0.019741383956003056,0.8377920431824454,positive,False,,2025-10-03,-0.0010097520941147033,0.6432719502818609
candidate_355782516069,2025-10-03,cyberattack critical infrastructure,KNIN.SW,logistics,Stock,georisk,first_order,0.64,sector_proxy,case_cyberattack_pipeline_port_infrastructure;case_2021_colonial_pipeline_ransomware;case_2023_port_of_nagoya_cyberattack,"Channel support inherited from transmission node 'logistics', which is a first-order (directly implicated) node corroborated by 3 retrieved case(s). Kuehne + Nagel International AG maps to this supported channel but is not individually named. Risk watchlist candidate, not a trading signal. This does not predict price movement.",,,0.03058096924646576,0.922726696958219,positive,False,,2025-10-03,-0.002278262419093242,0.08055865428366976
candidate_355782516069,2025-10-03,cyberattack critical infrastructure,JBHT,logistics,Stock,georisk,first_order,0.64,sector_proxy,case_cyberattack_pipeline_port_infrastructure;case_2021_colonial_pipeline_ransomware;case_2023_port_of_nagoya_cyberattack,"Channel support inherited from transmission node 'logistics', which is a first-order (directly implicated) node corroborated by 3 retrieved case(s). J B Hunt Transport Services Inc maps to this supported channel but is not individually named. Risk watchlist candidate, not a trading signal. This does not predict price movement.",,,0.06803674117119893,2.0892022494154374,positive,True,,2025-10-03,-0.0023714603937618154,1.1525053888683605
candidate_355782516069,2025-10-03,cyberattack critical infrastructure,CIBR,cyber_infrastructure,ETF,georisk,first_order,0.64,sector_proxy,case_cyberattack_pipeline_port_infrastructure;case_2021_colonial_pipeline_ransomware;case_2023_port_of_nagoya_cyberattack,"Channel support inherited from transmission node 'cyber_infrastructure', which is a first-order (directly implicated) node corroborated by 3 retrieved case(s). First Trust NASDAQ Cybersecurity ETF maps to this supported channel but is not individually named. Risk watchlist candidate, not a trading signal. This does not predict price movement.",,,0.005915222815758033,0.41928181052538743,positive,False,,2025-10-03,0.00020038553224992052,0.9479758654988256
candidate_355782516069,2025-10-03,cyberattack critical infrastructure,CRWD,cyber_infrastructure,Stock,georisk,first_order,0.64,sector_proxy,case_cyberattack_pipeline_port_infrastructure;case_2021_colonial_pipeline_ransomware;case_2023_port_of_nagoya_cyberattack,"Channel support inherited from transmission node 'cyber_infrastructure', which is a first-order (directly implicated) node corroborated by 3 retrieved case(s). CrowdStrike Holdings Inc maps to this supported channel but is not individually named. Risk watchlist candidate, not a trading signal. This does not predict price movement.",,,-0.017486057101864808,-0.4564058388990359,negative,False,,2025-10-03,0.0010571056922183868,1.3668529796057123
candidate_355782516069,2025-10-03,cyberattack critical infrastructure,ENB,pipeline_infrastructure,Stock,georisk,first_order,0.64,sector_proxy,case_cyberattack_pipeline_port_infrastructure;case_2021_colonial_pipeline_ransomware,"Channel support inherited from transmission node 'pipeline_infrastructure', which is a first-order (directly implicated) node corroborated by 2 retrieved case(s). Enbridge Inc maps to this supported channel but is not individually named. Risk watchlist candidate, not a trading signal. This does not predict price movement.",,,-9.08944953763053e-06,-0.00047687300677359574,negative,False,,2025-10-03,0.0009644816694803739,0.16660376037759253
candidate_355782516069,2025-10-03,cyberattack critical infrastructure,TRP.TO,pipeline_infrastructure,Stock,georisk,first_order,0.64,sector_proxy,case_cyberattack_pipeline_port_infrastructure;case_2021_colonial_pipeline_ransomware,"Channel support inherited from transmission node 'pipeline_infrastructure', which is a first-order (directly implicated) node corroborated by 2 retrieved case(s). TC Energy Corporation maps to this supported channel but is not individually named. Risk watchlist candidate, not a trading signal. This does not predict price movement.",,,0.00931655469498295,0.4863838856577439,positive,False,,2025-10-03,0.00015017866524769308,0.3332293668910829
candidate_355782516069,2025-10-03,cyberattack critical infrastructure,QQQ,broad_market_growth,equity_etf,baseline,,,,,,fixed_broad_market_baseline,,0.0011432457876646793,0.2229048616048247,positive,False,,2025-10-03,0.0003284313906360192,1.1185120314740347
candidate_355782516069,2025-10-03,cyberattack critical infrastructure,XLF,financials,equity_etf,baseline,,,,,,fixed_sector_baseline,,0.0031954546054448335,0.3320825698954437,positive,False,,2025-10-03,-0.0004905566331813604,0.865944356202387
candidate_355782516069,2025-10-03,cyberattack critical infrastructure,XLV,healthcare,equity_etf,baseline,,,,,,fixed_sector_baseline,,0.00539497662327894,0.3162843472098569,positive,False,,2025-10-03,-0.0011252883488588696,0.5460691606459321
candidate_03b2368e1784,2025-10-14,trade restrictions tariffs,EXPD,trade_lanes,Stock,georisk,first_order,0.64,sector_proxy,case_2018_2019_us_china_tariffs;case_2024_ev_tariff_escalation_china;case_2023_mexico_nearshoring_cross_border_policy_risk,"Channel support inherited from transmission node 'trade_lanes', which is a first-order (directly implicated) node corroborated by 3 retrieved case(s). Expeditors International of Washington Inc maps to this supported channel but is not individually named. Risk watchlist candidate, not a trading signal. This does not predict price movement.",,,0.023255981085831573,1.014748745434254,positive,False,,2025-10-14,-0.0006268198414277247,0.8467159007880923
candidate_03b2368e1784,2025-10-14,trade restrictions tariffs,DHL.DE,trade_lanes,Stock,georisk,first_order,0.64,sector_proxy,case_2018_2019_us_china_tariffs;case_2024_ev_tariff_escalation_china;case_2023_mexico_nearshoring_cross_border_policy_risk,"Channel support inherited from transmission node 'trade_lanes', which is a first-order (directly implicated) node corroborated by 3 retrieved case(s). DHL Group maps to this supported channel but is not individually named. Risk watchlist candidate, not a trading signal. This does not predict price movement.",,,0.005335727320100506,0.19121308134023754,positive,False,,2025-10-14,0.0005816296459311413,0.05712966203806572
candidate_03b2368e1784,2025-10-14,trade restrictions tariffs,DSGX,customs,Stock,georisk,first_order,0.64,sector_proxy,case_2018_2019_us_china_tariffs;case_2024_ev_tariff_escalation_china;case_2023_mexico_nearshoring_cross_border_policy_risk,"Channel support inherited from transmission node 'customs', which is a first-order (directly implicated) node corroborated by 3 retrieved case(s). The Descartes Systems Group Inc maps to this supported channel but is not individually named. Risk watchlist candidate, not a trading signal. This does not predict price movement.",,,0.00315981033609246,0.10504469339292129,positive,False,,2025-10-14,-0.00212128033210155,0.8991046765433707
candidate_03b2368e1784,2025-10-14,trade restrictions tariffs,CHRW,customs,Stock,georisk,first_order,0.64,sector_proxy,case_2018_2019_us_china_tariffs;case_2024_ev_tariff_escalation_china;case_2023_mexico_nearshoring_cross_border_policy_risk,"Channel support inherited from transmission node 'customs', which is a first-order (directly implicated) node corroborated by 3 retrieved case(s). C H Robinson Worldwide Inc maps to this supported channel but is not individually named. Risk watchlist candidate, not a trading signal. This does not predict price movement.",,,0.0034622507367122633,0.09695953661932671,positive,False,,2025-10-14,0.001981741494961568,0.6651238476687005
candidate_03b2368e1784,2025-10-14,trade restrictions tariffs,DE,manufacturing_inputs,Stock,georisk,first_order,0.64,sector_proxy,case_2018_2019_us_china_tariffs;case_2024_ev_tariff_escalation_china;case_2023_mexico_nearshoring_cross_border_policy_risk,"Channel support inherited from transmission node 'manufacturing_inputs', which is a first-order (directly implicated) node corroborated by 3 retrieved case(s). Deere & Company maps to this supported channel but is not individually named. Risk watchlist candidate, not a trading signal. This does not predict price movement.",,,-0.007374329665082777,-0.3135697132231907,negative,False,,2025-10-14,-0.0012860858668786264,0.8771777399630252
candidate_03b2368e1784,2025-10-14,trade restrictions tariffs,CAT,manufacturing_inputs,Stock,georisk,first_order,0.64,sector_proxy,case_2018_2019_us_china_tariffs;case_2024_ev_tariff_escalation_china;case_2023_mexico_nearshoring_cross_border_policy_risk,"Channel support inherited from transmission node 'manufacturing_inputs', which is a first-order (directly implicated) node corroborated by 3 retrieved case(s). Caterpillar Inc maps to this supported channel but is not individually named. Risk watchlist candidate, not a trading signal. This does not predict price movement.",,,0.05912580244797946,3.3171211968628227,positive,True,,2025-10-14,0.002068745771898001,1.0522095976073713
candidate_03b2368e1784,2025-10-14,trade restrictions tariffs,ADM,agriculture,Stock,georisk,first_order,0.64,sector_proxy,case_2018_2019_us_china_tariffs,"Channel support inherited from transmission node 'agriculture', which is a first-order (directly implicated) node corroborated by 1 retrieved case(s). Archer-Daniels-Midland Company maps to this supported channel but is not individually named. Risk watchlist candidate, not a trading signal. This does not predict price movement.",,,0.027603348870217807,1.0073225587652572,positive,False,,2025-10-14,0.00201571732672792,0.41175064421035085
candidate_03b2368e1784,2025-10-14,trade restrictions tariffs,MOO,agriculture,ETF,georisk,first_order,0.64,sector_proxy,case_2018_2019_us_china_tariffs,"Channel support inherited from transmission node 'agriculture', which is a first-order (directly implicated) node corroborated by 1 retrieved case(s). VanEck Agribusiness ETF maps to this supported channel but is not individually named. Risk watchlist candidate, not a trading signal. This does not predict price movement.",,,0.003826378411617868,0.3176777013277121,positive,False,,2025-10-14,0.00015006750295440028,0.5719394642563989
candidate_03b2368e1784,2025-10-14,trade restrictions tariffs,KNIN.SW,logistics,Stock,georisk,first_order,0.64,sector_proxy,case_2018_2019_us_china_tariffs;case_2024_ev_tariff_escalation_china;case_2023_mexico_nearshoring_cross_border_policy_risk,"Channel support inherited from transmission node 'logistics', which is a first-order (directly implicated) node corroborated by 3 retrieved case(s). Kuehne + Nagel International AG maps to this supported channel but is not individually named. Risk watchlist candidate, not a trading signal. This does not predict price movement.",,,0.017250236199591314,0.5253067442250544,positive,False,,2025-10-14,-0.002191363292214595,0.09540978576944437
candidate_03b2368e1784,2025-10-14,trade restrictions tariffs,JBHT,logistics,Stock,georisk,first_order,0.64,sector_proxy,case_2018_2019_us_china_tariffs;case_2024_ev_tariff_escalation_china;case_2023_mexico_nearshoring_cross_border_policy_risk,"Channel support inherited from transmission node 'logistics', which is a first-order (directly implicated) node corroborated by 3 retrieved case(s). J B Hunt Transport Services Inc maps to this supported channel but is not individually named. Risk watchlist candidate, not a trading signal. This does not predict price movement.",,,-0.0019024061609454737,-0.06260565333064226,negative,False,,2025-10-14,-0.0024082358970234155,1.1752974053650036
candidate_03b2368e1784,2025-10-14,trade restrictions tariffs,QQQ,broad_market_growth,equity_etf,baseline,,,,,,fixed_broad_market_baseline,,-0.0001292303802905275,-0.026726121624423938,negative,False,,2025-10-14,0.00026803681214339456,1.1282366042033047
candidate_03b2368e1784,2025-10-14,trade restrictions tariffs,XLF,financials,equity_etf,baseline,,,,,,fixed_sector_baseline,,0.006472145316332204,0.7395263372655443,positive,False,,2025-10-14,-0.00012342193029576032,0.7810580878397865
candidate_03b2368e1784,2025-10-14,trade restrictions tariffs,XLV,healthcare,equity_etf,baseline,,,,,,fixed_sector_baseline,,-0.004253618678265517,-0.2558466708698133,negative,False,,2025-10-14,-0.0008904426578839954,0.5436996425123668
candidate_fba3f59c71da,2025-11-09,critical minerals resource restrictions,DSGX,customs,Stock,georisk,first_order,0.64,sector_proxy,case_china_gallium_germanium_graphite_controls;case_2023_china_graphite_battery_export_controls;case_2010_china_japan_rare_earth_embargo,"Channel support inherited from transmission node 'customs', which is a first-order (directly implicated) node corroborated by 3 retrieved case(s). The Descartes Systems Group Inc maps to this supported channel but is not individually named. Risk watchlist candidate, not a trading signal. This does not predict price movement.",,,-0.02230858468321109,-0.7378395759537262,negative,False,,2025-11-10,-0.0027208881515282555,1.1353961590429635
candidate_fba3f59c71da,2025-11-09,critical minerals resource restrictions,CHRW,customs,Stock,georisk,first_order,0.64,sector_proxy,case_china_gallium_germanium_graphite_controls;case_2023_china_graphite_battery_export_controls;case_2010_china_japan_rare_earth_embargo,"Channel support inherited from transmission node 'customs', which is a first-order (directly implicated) node corroborated by 3 retrieved case(s). C H Robinson Worldwide Inc maps to this supported channel but is not individually named. Risk watchlist candidate, not a trading signal. This does not predict price movement.",,,-0.007140706611423823,-0.1983279300742111,negative,False,,2025-11-10,0.001604968463082232,1.007668070519553
candidate_fba3f59c71da,2025-11-09,critical minerals resource restrictions,DE,manufacturing_inputs,Stock,georisk,first_order,0.64,sector_proxy,case_china_gallium_germanium_graphite_controls;case_2023_china_graphite_battery_export_controls;case_2010_china_japan_rare_earth_embargo,"Channel support inherited from transmission node 'manufacturing_inputs', which is a first-order (directly implicated) node corroborated by 3 retrieved case(s). Deere & Company maps to this supported channel but is not individually named. Risk watchlist candidate, not a trading signal. This does not predict price movement.",,,-0.004445854693058471,-0.18641527914317646,negative,False,,2025-11-10,-0.001090204378630913,0.7078852208421115
candidate_fba3f59c71da,2025-11-09,critical minerals resource restrictions,CAT,manufacturing_inputs,Stock,georisk,first_order,0.64,sector_proxy,case_china_gallium_germanium_graphite_controls;case_2023_china_graphite_battery_export_controls;case_2010_china_japan_rare_earth_embargo,"Channel support inherited from transmission node 'manufacturing_inputs', which is a first-order (directly implicated) node corroborated by 3 retrieved case(s). Caterpillar Inc maps to this supported channel but is not individually named. Risk watchlist candidate, not a trading signal. This does not predict price movement.",,,-0.03281664578029395,-1.608949543242817,negative,False,,2025-11-10,0.002120019792170344,1.238503424637937
candidate_fba3f59c71da,2025-11-09,critical minerals resource restrictions,REMX,critical_minerals,ETF,georisk,first_order,0.64,sector_proxy,case_china_gallium_germanium_graphite_controls;case_2023_china_graphite_battery_export_controls;case_2010_china_japan_rare_earth_embargo,"Channel support inherited from transmission node 'critical_minerals', which is a first-order (directly implicated) node corroborated by 3 retrieved case(s). VanEck Rare Earth and Strategic Metals ETF maps to this supported channel but is not individually named. Risk watchlist candidate, not a trading signal. This does not predict price movement.",,,0.04375370515387486,0.9165434698054086,positive,False,,2025-11-10,0.0037250034043569617,1.014324889468643
candidate_fba3f59c71da,2025-11-09,critical minerals resource restrictions,PICK,critical_minerals,ETF,georisk,first_order,0.64,sector_proxy,case_china_gallium_germanium_graphite_controls;case_2023_china_graphite_battery_export_controls;case_2010_china_japan_rare_earth_embargo,"Channel support inherited from transmission node 'critical_minerals', which is a first-order (directly implicated) node corroborated by 3 retrieved case(s). iShares MSCI Global Metals & Mining Producers ETF maps to this supported channel but is not individually named. Risk watchlist candidate, not a trading signal. This does not predict price movement.",,,0.0012293912804115172,0.0665325085519286,positive,False,,2025-11-10,0.0007563116074861122,0.9239100495828275
candidate_fba3f59c71da,2025-11-09,critical minerals resource restrictions,MP,rare_earths,Stock,georisk,first_order,0.64,sector_proxy,case_2010_china_japan_rare_earth_embargo,"Channel support inherited from transmission node 'rare_earths', which is a first-order (directly implicated) node corroborated by 1 retrieved case(s). MP Materials Corp maps to this supported channel but is not individually named. Risk watchlist candidate, not a trading signal. This does not predict price movement.",,,0.1621314346235108,1.3442048458601488,positive,False,,2025-11-10,0.010512016401809368,-0.2746022856368953
candidate_fba3f59c71da,2025-11-09,critical minerals resource restrictions,LYSDY,rare_earths,ADR,georisk,first_order,0.64,sector_proxy,case_2010_china_japan_rare_earth_embargo,"Channel support inherited from transmission node 'rare_earths', which is a first-order (directly implicated) node corroborated by 1 retrieved case(s). Lynas Rare Earths Ltd ADR maps to this supported channel but is not individually named. Risk watchlist candidate, not a trading signal. This does not predict price movement.",,,0.08537186341369693,1.1870940203017872,positive,False,,2025-11-10,0.006814247334562659,0.05284062845679341
candidate_fba3f59c71da,2025-11-09,critical minerals resource restrictions,NEO.TO,gallium_germanium_graphite,Stock,georisk,first_order,0.64,sector_proxy,case_china_gallium_germanium_graphite_controls;case_2023_china_graphite_battery_export_controls,"Channel support inherited from transmission node 'gallium_germanium_graphite', which is a first-order (directly implicated) node corroborated by 2 retrieved case(s). Neo Performance Materials Inc maps to this supported channel but is not individually named. Risk watchlist candidate, not a trading signal. This does not predict price movement.",,,0.013791552924043316,0.21020381907647642,positive,False,,2025-11-10,0.0027210951732460193,1.1568234492448088
candidate_fba3f59c71da,2025-11-09,critical minerals resource restrictions,SYR.AX,gallium_germanium_graphite,Stock,georisk,first_order,0.64,sector_proxy,case_china_gallium_germanium_graphite_controls;case_2023_china_graphite_battery_export_controls,"Channel support inherited from transmission node 'gallium_germanium_graphite', which is a first-order (directly implicated) node corroborated by 2 retrieved case(s). Syrah Resources Ltd maps to this supported channel but is not individually named. Risk watchlist candidate, not a trading signal. This does not predict price movement.",,,0.07354641936904208,0.6965494693862235,positive,False,,2025-11-10,0.004110228821348149,0.6267582309692044
candidate_fba3f59c71da,2025-11-09,critical minerals resource restrictions,QQQ,broad_market_growth,equity_etf,baseline,,,,,,fixed_broad_market_baseline,,-0.006655827105006381,-1.4176606313178013,negative,False,,2025-11-10,0.0001715510154493894,1.1890271548881317
candidate_fba3f59c71da,2025-11-09,critical minerals resource restrictions,XLF,financials,equity_etf,baseline,,,,,,fixed_sector_baseline,,0.0004182598613729719,0.046041836897889814,positive,False,,2025-11-10,-0.0008288443075467067,0.9142170030711195
candidate_fba3f59c71da,2025-11-09,critical minerals resource restrictions,XLV,healthcare,equity_etf,baseline,,,,,,fixed_sector_baseline,,0.021736545123669408,1.3197798804250649,positive,False,,2025-11-10,-0.0004534153467410166,0.6293115168049701
candidate_ff6378fbb36b,2025-11-09,critical minerals resource restrictions,ACWI,broad_etf,ETF,georisk,first_order,0.35,inference_only,,"iShares MSCI ACWI ETF is mapped from asset_mapping.csv via node 'broad_etf' (a first-order (directly implicated) node), but retrieved cases do not corroborate this channel. Inference-only risk watchlist candidate, not a trading signal. This does not predict price movement.",,,0.002540937215678869,0.8324155127820964,positive,False,,2025-11-10,6.423357573506945e-05,0.8814926438885874
candidate_ff6378fbb36b,2025-11-09,critical minerals resource restrictions,QQQ,broad_market_growth,equity_etf,baseline,,,,,,fixed_broad_market_baseline,,-0.006655827105006381,-1.4176606313178013,negative,False,,2025-11-10,0.0001715510154493894,1.1890271548881317
candidate_ff6378fbb36b,2025-11-09,critical minerals resource restrictions,XLF,financials,equity_etf,baseline,,,,,,fixed_sector_baseline,,0.0004182598613729719,0.046041836897889814,positive,False,,2025-11-10,-0.0008288443075467067,0.9142170030711195
candidate_ff6378fbb36b,2025-11-09,critical minerals resource restrictions,XLV,healthcare,equity_etf,baseline,,,,,,fixed_sector_baseline,,0.021736545123669408,1.3197798804250649,positive,False,,2025-11-10,-0.0004534153467410166,0.6293115168049701
candidate_130fb98e42bb,2025-11-10,critical minerals resource restrictions,CB,marine_insurance,Stock,georisk,second_order,0.64,sector_proxy,case_2019_cosco_shipping_sanctions_tanker_market;case_2023_arctic_lng_russian_energy_shipping_sanctions,"Channel support inherited from transmission node 'marine_insurance', which is a second-order (analog-corroborated) node corroborated by 2 retrieved case(s). Chubb Limited maps to this supported channel but is not individually named. Risk watchlist candidate, not a trading signal. This does not predict price movement.",,,0.03071247012400286,1.6046194086256818,positive,False,,2025-11-10,-0.0003777642676095743,0.17057439644038194
candidate_130fb98e42bb,2025-11-10,critical minerals resource restrictions,TRV,marine_insurance,Stock,georisk,second_order,0.64,sector_proxy,case_2019_cosco_shipping_sanctions_tanker_market;case_2023_arctic_lng_russian_energy_shipping_sanctions,"Channel support inherited from transmission node 'marine_insurance', which is a second-order (analog-corroborated) node corroborated by 2 retrieved case(s). The Travelers Companies Inc maps to this supported channel but is not individually named. Risk watchlist candidate, not a trading signal. This does not predict price movement.",,,0.0276688793343891,1.334227553626639,positive,False,,2025-11-10,-0.0005737939922728104,0.47555976639521086
candidate_130fb98e42bb,2025-11-10,critical minerals resource restrictions,FRO,oil_shipping,Stock,georisk,second_order,0.82,historical_supported,case_2019_cosco_shipping_sanctions_tanker_market,"Historical support from tanker transport matched affected tanker assets. The transmission node 'oil_shipping' is a second-order (analog-corroborated) node, and Frontline plc is directly named in the supporting case(s). Potential exposure candidate and risk watchlist item, not a trading signal. This does not predict price movement.",,,0.012658680764914111,0.2799280800596351,positive,False,,2025-11-10,0.003472583346656051,-0.37128339198057375
candidate_130fb98e42bb,2025-11-10,critical minerals resource restrictions,DHT,oil_shipping,Stock,georisk,second_order,0.82,historical_supported,case_2019_cosco_shipping_sanctions_tanker_market,"Historical support from tanker transport matched affected tanker assets. The transmission node 'oil_shipping' is a second-order (analog-corroborated) node, and DHT Holdings Inc is directly named in the supporting case(s). Potential exposure candidate and risk watchlist item, not a trading signal. This does not predict price movement.",,,0.0060513016692348084,0.1936724775770974,positive,False,,2025-11-10,0.0013125364868332469,-0.00928252161998647
candidate_130fb98e42bb,2025-11-10,critical minerals resource restrictions,ASML,semiconductor_equipment,ADR,georisk,first_order,0.64,sector_proxy,case_2019_huawei_entity_list,"Channel support inherited from transmission node 'semiconductor_equipment', which is a first-order (directly implicated) node corroborated by 1 retrieved case(s). ASML Holding NV ADR maps to this supported channel but is not individually named. Risk watchlist candidate, not a trading signal. This does not predict price movement.",,,-0.040195235703753905,-1.2986521323389018,negative,False,,2025-11-10,0.0011420257386343805,1.6200566599214212
candidate_130fb98e42bb,2025-11-10,critical minerals resource restrictions,AMAT,semiconductor_equipment,Stock,georisk,first_order,0.64,sector_proxy,case_2019_huawei_entity_list,"Channel support inherited from transmission node 'semiconductor_equipment', which is a first-order (directly implicated) node corroborated by 1 retrieved case(s). Applied Materials Inc maps to this supported channel but is not individually named. Risk watchlist candidate, not a trading signal. This does not predict price movement.",,,-0.05661980659770084,-1.4625388284234722,negative,False,,2025-11-10,0.0006430992900183184,1.8213228254400453
candidate_130fb98e42bb,2025-11-10,critical minerals resource restrictions,NVDA,ai_chips,Stock,georisk,first_order,0.64,sector_proxy,case_2019_huawei_entity_list,"Channel support inherited from transmission node 'ai_chips', which is a first-order (directly implicated) node corroborated by 1 retrieved case(s). NVIDIA Corporation maps to this supported channel but is not individually named. Risk watchlist candidate, not a trading signal. This does not predict price movement.",,,-0.007299926507956755,-0.27796265849241986,negative,False,,2025-11-10,0.0017310473778805473,1.6326239968752847
candidate_130fb98e42bb,2025-11-10,critical minerals resource restrictions,AMD,ai_chips,Stock,georisk,first_order,0.64,sector_proxy,case_2019_huawei_entity_list,"Channel support inherited from transmission node 'ai_chips', which is a first-order (directly implicated) node corroborated by 1 retrieved case(s). Advanced Micro Devices Inc maps to this supported channel but is not individually named. Risk watchlist candidate, not a trading signal. This does not predict price movement.",,,-0.05261819510476139,-0.8987342235702769,negative,False,,2025-11-10,0.0050956525428136395,2.0158741604918693
candidate_130fb98e42bb,2025-11-10,critical minerals resource restrictions,SNPS,eda_software,Stock,georisk,first_order,0.64,sector_proxy,case_2019_huawei_entity_list,"Channel support inherited from transmission node 'eda_software', which is a first-order (directly implicated) node corroborated by 1 retrieved case(s). Synopsys Inc maps to this supported channel but is not individually named. Risk watchlist candidate, not a trading signal. This does not predict price movement.",,,-0.028687950752562287,-0.40112492820099854,negative,False,,2025-11-10,-0.002167919113258998,1.8066920199155059
candidate_130fb98e42bb,2025-11-10,critical minerals resource restrictions,CDNS,eda_software,Stock,georisk,first_order,0.64,sector_proxy,case_2019_huawei_entity_list,"Channel support inherited from transmission node 'eda_software', which is a first-order (directly implicated) node corroborated by 1 retrieved case(s). Cadence Design Systems Inc maps to this supported channel but is not individually named. Risk watchlist candidate, not a trading signal. This does not predict price movement.",,,-0.04155934176086553,-1.2650834507688378,negative,False,,2025-11-10,-0.001119746827263379,1.4316758514377195
candidate_130fb98e42bb,2025-11-10,critical minerals resource restrictions,TSM,foundry,ADR,georisk,first_order,0.35,inference_only,,"Taiwan Semiconductor Manufacturing Company ADR is mapped from asset_mapping.csv via node 'foundry' (a first-order (directly implicated) node), but retrieved cases do not corroborate this channel. Inference-only risk watchlist candidate, not a trading signal. This does not predict price movement.",,,-0.03138276526216243,-1.102629614931319,negative,False,,2025-11-10,0.0015874280817046635,1.7942801283050738
candidate_130fb98e42bb,2025-11-10,critical minerals resource restrictions,GFS,foundry,Stock,georisk,first_order,0.35,inference_only,,"GlobalFoundries Inc is mapped from asset_mapping.csv via node 'foundry' (a first-order (directly implicated) node), but retrieved cases do not corroborate this channel. Inference-only risk watchlist candidate, not a trading signal. This does not predict price movement.",,,-0.01711041902640005,-0.49411475413594547,negative,False,,2025-11-10,-0.003229135651794668,2.026318527697088
candidate_130fb98e42bb,2025-11-10,critical minerals resource restrictions,EQIX,data_centers,REIT,georisk,first_order,0.64,sector_proxy,case_2019_huawei_entity_list,"Channel support inherited from transmission node 'data_centers', which is a first-order (directly implicated) node corroborated by 1 retrieved case(s). Equinix Inc maps to this supported channel but is not individually named. Risk watchlist candidate, not a trading signal. This does not predict price movement.",,,-0.00437339938172778,-0.1594357368727304,negative,False,,2025-11-10,-0.0010143538808653817,0.5068433221817717
candidate_130fb98e42bb,2025-11-10,critical minerals resource restrictions,DLR,data_centers,REIT,georisk,first_order,0.64,sector_proxy,case_2019_huawei_entity_list,"Channel support inherited from transmission node 'data_centers', which is a first-order (directly implicated) node corroborated by 1 retrieved case(s). Digital Realty Trust Inc maps to this supported channel but is not individually named. Risk watchlist candidate, not a trading signal. This does not predict price movement.",,,-0.010695328398222084,-0.5485533564625709,negative,False,,2025-11-10,-0.00046085643449840074,0.711966117881701
candidate_130fb98e42bb,2025-11-10,critical minerals resource restrictions,DSGX,customs,Stock,georisk,first_order,0.64,sector_proxy,case_2019_cosco_shipping_sanctions_tanker_market;case_2019_huawei_entity_list,"Channel support inherited from transmission node 'customs', which is a first-order (directly implicated) node corroborated by 2 retrieved case(s). The Descartes Systems Group Inc maps to this supported channel but is not individually named. Risk watchlist candidate, not a trading signal. This does not predict price movement.",,,-0.02230858468321109,-0.7378395759537262,negative,False,,2025-11-10,-0.0027208881515282555,1.1353961590429635
candidate_130fb98e42bb,2025-11-10,critical minerals resource restrictions,CHRW,customs,Stock,georisk,first_order,0.64,sector_proxy,case_2019_cosco_shipping_sanctions_tanker_market;case_2019_huawei_entity_list,"Channel support inherited from transmission node 'customs', which is a first-order (directly implicated) node corroborated by 2 retrieved case(s). C H Robinson Worldwide Inc maps to this supported channel but is not individually named. Risk watchlist candidate, not a trading signal. This does not predict price movement.",,,-0.007140706611423823,-0.1983279300742111,negative,False,,2025-11-10,0.001604968463082232,1.007668070519553
candidate_130fb98e42bb,2025-11-10,critical minerals resource restrictions,XLF,financial_sanctions,ETF,georisk,second_order,0.64,sector_proxy,case_2019_cosco_shipping_sanctions_tanker_market;case_2023_arctic_lng_russian_energy_shipping_sanctions,"Channel support inherited from transmission node 'financial_sanctions', which is a second-order (analog-corroborated) node corroborated by 2 retrieved case(s). Financial Select Sector SPDR Fund maps to this supported channel but is not individually named. Risk watchlist candidate, not a trading signal. This does not predict price movement.",,,0.0004182598613729719,0.046041836897889814,positive,False,,2025-11-10,-0.0008288443075467067,0.9142170030711195
candidate_130fb98e42bb,2025-11-10,critical minerals resource restrictions,EUFN,financial_sanctions,ETF,georisk,second_order,0.64,sector_proxy,case_2019_cosco_shipping_sanctions_tanker_market;case_2023_arctic_lng_russian_energy_shipping_sanctions,"Channel support inherited from transmission node 'financial_sanctions', which is a second-order (analog-corroborated) node corroborated by 2 retrieved case(s). iShares MSCI Europe Financials ETF maps to this supported channel but is not individually named. Risk watchlist candidate, not a trading signal. This does not predict price movement.",,,0.016715648744323096,1.2452772976099937,positive,False,,2025-11-10,8.701667397273311e-05,0.613938965124717
candidate_130fb98e42bb,2025-11-10,critical minerals resource restrictions,V,payment_networks,Stock,georisk,second_order,0.64,sector_proxy,case_2019_cosco_shipping_sanctions_tanker_market;case_2023_arctic_lng_russian_energy_shipping_sanctions,"Channel support inherited from transmission node 'payment_networks', which is a second-order (analog-corroborated) node corroborated by 2 retrieved case(s). Visa Inc maps to this supported channel but is not individually named. Risk watchlist candidate, not a trading signal. This does not predict price movement.",,,-0.006185985262644144,-0.33939176604237864,negative,False,,2025-11-10,-0.0013640851289742175,0.8560938228953651
candidate_130fb98e42bb,2025-11-10,critical minerals resource restrictions,MA,payment_networks,Stock,georisk,second_order,0.64,sector_proxy,case_2019_cosco_shipping_sanctions_tanker_market;case_2023_arctic_lng_russian_energy_shipping_sanctions,"Channel support inherited from transmission node 'payment_networks', which is a second-order (analog-corroborated) node corroborated by 2 retrieved case(s). Mastercard Incorporated maps to this supported channel but is not individually named. Risk watchlist candidate, not a trading signal. This does not predict price movement.",,,-0.002901525087110406,-0.15751160156028612,negative,False,,2025-11-10,-0.0011232335122588104,0.8181276915743244
candidate_130fb98e42bb,2025-11-10,critical minerals resource restrictions,QQQ,broad_market_growth,equity_etf,baseline,,,,,,fixed_broad_market_baseline,,-0.006655827105006381,-1.4176606313178013,negative,False,,2025-11-10,0.0001715510154493894,1.1890271548881317
candidate_130fb98e42bb,2025-11-10,critical minerals resource restrictions,XLF,financials,equity_etf,baseline,,,,,,fixed_sector_baseline,,0.0004182598613729719,0.046041836897889814,positive,False,,2025-11-10,-0.0008288443075467067,0.9142170030711195
candidate_130fb98e42bb,2025-11-10,critical minerals resource restrictions,XLV,healthcare,equity_etf,baseline,,,,,,fixed_sector_baseline,,0.021736545123669408,1.3197798804250649,positive,False,,2025-11-10,-0.0004534153467410166,0.6293115168049701
candidate_2bd2cdbf5b54,2025-10-08,cyberattack critical infrastructure,FDX,freight_routes,Stock,georisk,first_order,0.64,sector_proxy,case_cyberattack_pipeline_port_infrastructure;case_2023_port_of_nagoya_cyberattack;case_2021_colonial_pipeline_ransomware,"Channel support inherited from transmission node 'freight_routes', which is a first-order (directly implicated) node corroborated by 3 retrieved case(s). FedEx Corporation maps to this supported channel but is not individually named. Risk watchlist candidate, not a trading signal. This does not predict price movement.",,,-0.03551106472752523,-1.2833739486110707,negative,False,,2025-10-08,-0.0016332545376398554,1.1393484588499796
candidate_2bd2cdbf5b54,2025-10-08,cyberattack critical infrastructure,UPS,freight_routes,Stock,georisk,first_order,0.64,sector_proxy,case_cyberattack_pipeline_port_infrastructure;case_2023_port_of_nagoya_cyberattack;case_2021_colonial_pipeline_ransomware,"Channel support inherited from transmission node 'freight_routes', which is a first-order (directly implicated) node corroborated by 3 retrieved case(s). United Parcel Service Inc maps to this supported channel but is not individually named. Risk watchlist candidate, not a trading signal. This does not predict price movement.",,,-0.00569525899567984,-0.20662495932560912,negative,False,,2025-10-08,-0.0030686546083309703,0.9251675639228935
candidate_2bd2cdbf5b54,2025-10-08,cyberattack critical infrastructure,1199.HK,ports,Stock,georisk,first_order,0.64,sector_proxy,case_cyberattack_pipeline_port_infrastructure;case_2023_port_of_nagoya_cyberattack,"Channel support inherited from transmission node 'ports', which is a first-order (directly implicated) node corroborated by 2 retrieved case(s). COSCO SHIPPING Ports Limited maps to this supported channel but is not individually named. Risk watchlist candidate, not a trading signal. This does not predict price movement.",,,-0.01867953724838011,-0.47285934615714836,negative,False,,2025-10-08,0.0018764908833368225,0.1720346204923041
candidate_2bd2cdbf5b54,2025-10-08,cyberattack critical infrastructure,0144.HK,ports,Stock,georisk,first_order,0.64,sector_proxy,case_cyberattack_pipeline_port_infrastructure;case_2023_port_of_nagoya_cyberattack,"Channel support inherited from transmission node 'ports', which is a first-order (directly implicated) node corroborated by 2 retrieved case(s). China Merchants Port Holdings Company Limited maps to this supported channel but is not individually named. Risk watchlist candidate, not a trading signal. This does not predict price movement.",,,-0.0019420912734620672,-0.06840298674793108,negative,False,,2025-10-08,0.001855911420785853,0.08996560140413808
candidate_2bd2cdbf5b54,2025-10-08,cyberattack critical infrastructure,XLE,energy,ETF,georisk,first_order,0.64,sector_proxy,case_cyberattack_pipeline_port_infrastructure;case_2021_colonial_pipeline_ransomware,"Channel support inherited from transmission node 'energy', which is a first-order (directly implicated) node corroborated by 2 retrieved case(s). Energy Select Sector SPDR Fund maps to this supported channel but is not individually named. Risk watchlist candidate, not a trading signal. This does not predict price movement.",,,-0.013008472190485489,-0.6053847034630512,negative,False,,2025-10-08,-0.001414544862971873,0.9225630996920541
candidate_2bd2cdbf5b54,2025-10-08,cyberattack critical infrastructure,XOM,energy,Stock,georisk,first_order,0.64,sector_proxy,case_cyberattack_pipeline_port_infrastructure;case_2021_colonial_pipeline_ransomware,"Channel support inherited from transmission node 'energy', which is a first-order (directly implicated) node corroborated by 2 retrieved case(s). Exxon Mobil Corporation maps to this supported channel but is not individually named. Risk watchlist candidate, not a trading signal. This does not predict price movement.",,,-0.007900109816817632,-0.3321401333270791,negative,False,,2025-10-08,-0.0009989957931181488,0.643898287331994
candidate_2bd2cdbf5b54,2025-10-08,cyberattack critical infrastructure,KNIN.SW,logistics,Stock,georisk,first_order,0.64,sector_proxy,case_cyberattack_pipeline_port_infrastructure;case_2023_port_of_nagoya_cyberattack;case_2021_colonial_pipeline_ransomware,"Channel support inherited from transmission node 'logistics', which is a first-order (directly implicated) node corroborated by 3 retrieved case(s). Kuehne + Nagel International AG maps to this supported channel but is not individually named. Risk watchlist candidate, not a trading signal. This does not predict price movement.",,,-0.015544630182644483,-0.4765232831038306,negative,False,,2025-10-08,-0.0017683140818633267,0.0791265242637487
candidate_2bd2cdbf5b54,2025-10-08,cyberattack critical infrastructure,JBHT,logistics,Stock,georisk,first_order,0.64,sector_proxy,case_cyberattack_pipeline_port_infrastructure;case_2023_port_of_nagoya_cyberattack;case_2021_colonial_pipeline_ransomware,"Channel support inherited from transmission node 'logistics', which is a first-order (directly implicated) node corroborated by 3 retrieved case(s). J B Hunt Transport Services Inc maps to this supported channel but is not individually named. Risk watchlist candidate, not a trading signal. This does not predict price movement.",,,0.01591423775098786,0.48524067718963926,positive,False,,2025-10-08,-0.002334660282026759,1.1371079390542447
candidate_2bd2cdbf5b54,2025-10-08,cyberattack critical infrastructure,CIBR,cyber_infrastructure,ETF,georisk,first_order,0.64,sector_proxy,case_cyberattack_pipeline_port_infrastructure;case_2023_port_of_nagoya_cyberattack;case_2021_colonial_pipeline_ransomware,"Channel support inherited from transmission node 'cyber_infrastructure', which is a first-order (directly implicated) node corroborated by 3 retrieved case(s). First Trust NASDAQ Cybersecurity ETF maps to this supported channel but is not individually named. Risk watchlist candidate, not a trading signal. This does not predict price movement.",,,0.008575484079150531,0.6131132419850392,positive,False,,2025-10-08,0.0001519930576435051,0.9513432681458223
candidate_2bd2cdbf5b54,2025-10-08,cyberattack critical infrastructure,CRWD,cyber_infrastructure,Stock,georisk,first_order,0.64,sector_proxy,case_cyberattack_pipeline_port_infrastructure;case_2023_port_of_nagoya_cyberattack;case_2021_colonial_pipeline_ransomware,"Channel support inherited from transmission node 'cyber_infrastructure', which is a first-order (directly implicated) node corroborated by 3 retrieved case(s). CrowdStrike Holdings Inc maps to this supported channel but is not individually named. Risk watchlist candidate, not a trading signal. This does not predict price movement.",,,0.02683079493233929,0.7007770320073293,positive,False,,2025-10-08,0.0006215037350609516,1.372875361251084
candidate_2bd2cdbf5b54,2025-10-08,cyberattack critical infrastructure,ENB,pipeline_infrastructure,Stock,georisk,first_order,0.64,sector_proxy,case_cyberattack_pipeline_port_infrastructure;case_2021_colonial_pipeline_ransomware,"Channel support inherited from transmission node 'pipeline_infrastructure', which is a first-order (directly implicated) node corroborated by 2 retrieved case(s). Enbridge Inc maps to this supported channel but is not individually named. Risk watchlist candidate, not a trading signal. This does not predict price movement.",,,-0.039035237586034485,-2.0408428689531712,negative,True,,2025-10-08,0.0010026192284515005,0.16691471342579212
candidate_2bd2cdbf5b54,2025-10-08,cyberattack critical infrastructure,TRP.TO,pipeline_infrastructure,Stock,georisk,first_order,0.64,sector_proxy,case_cyberattack_pipeline_port_infrastructure;case_2021_colonial_pipeline_ransomware,"Channel support inherited from transmission node 'pipeline_infrastructure', which is a first-order (directly implicated) node corroborated by 2 retrieved case(s). TC Energy Corporation maps to this supported channel but is not individually named. Risk watchlist candidate, not a trading signal. This does not predict price movement.",,,-0.02854549637779705,-1.486144355697288,negative,False,,2025-10-08,0.000527470048603517,0.32808986374114174
candidate_2bd2cdbf5b54,2025-10-08,cyberattack critical infrastructure,QQQ,broad_market_growth,equity_etf,baseline,,,,,,fixed_broad_market_baseline,,0.0045482147175264056,0.9319767513569,positive,False,,2025-10-08,0.00038535231224982056,1.1168072162351876
candidate_2bd2cdbf5b54,2025-10-08,cyberattack critical infrastructure,XLF,financials,equity_etf,baseline,,,,,,fixed_sector_baseline,,-0.004922283843300129,-0.513943725089211,negative,False,,2025-10-08,-0.0005356255169517396,0.8627910479457582
candidate_2bd2cdbf5b54,2025-10-08,cyberattack critical infrastructure,XLV,healthcare,equity_etf,baseline,,,,,,fixed_sector_baseline,,0.004107967466169219,0.24560202151284613,positive,False,,2025-10-08,-0.00108810732518152,0.551063590329389
candidate_eaccce38b750,2025-10-21,cyberattack critical infrastructure,FDX,freight_routes,Stock,georisk,first_order,0.64,sector_proxy,case_cyberattack_pipeline_port_infrastructure;case_2023_port_of_nagoya_cyberattack;case_2017_notpetya_shipping_logistics_cyberattack,"Channel support inherited from transmission node 'freight_routes', which is a first-order (directly implicated) node corroborated by 3 retrieved case(s). FedEx Corporation maps to this supported channel but is not individually named. Risk watchlist candidate, not a trading signal. This does not predict price movement.",,,0.003208087818116606,0.12882130104313388,positive,False,,2025-10-21,-0.0009166487752316589,1.2541743076128493
candidate_eaccce38b750,2025-10-21,cyberattack critical infrastructure,UPS,freight_routes,Stock,georisk,first_order,0.64,sector_proxy,case_cyberattack_pipeline_port_infrastructure;case_2023_port_of_nagoya_cyberattack;case_2017_notpetya_shipping_logistics_cyberattack,"Channel support inherited from transmission node 'freight_routes', which is a first-order (directly implicated) node corroborated by 3 retrieved case(s). United Parcel Service Inc maps to this supported channel but is not individually named. Risk watchlist candidate, not a trading signal. This does not predict price movement.",,,0.01041807073548276,0.3996739740092898,positive,False,,2025-10-21,-0.002687242075316452,1.0668365502442578
candidate_eaccce38b750,2025-10-21,cyberattack critical infrastructure,1199.HK,ports,Stock,georisk,first_order,0.64,sector_proxy,case_cyberattack_pipeline_port_infrastructure;case_2023_port_of_nagoya_cyberattack;case_2017_notpetya_shipping_logistics_cyberattack,"Channel support inherited from transmission node 'ports', which is a first-order (directly implicated) node corroborated by 3 retrieved case(s). COSCO SHIPPING Ports Limited maps to this supported channel but is not individually named. Risk watchlist candidate, not a trading signal. This does not predict price movement.",,,0.011571678641813953,0.2976513217623274,positive,False,,2025-10-21,0.0024754650468778307,0.10051700352151448
candidate_eaccce38b750,2025-10-21,cyberattack critical infrastructure,0144.HK,ports,Stock,georisk,first_order,0.64,sector_proxy,case_cyberattack_pipeline_port_infrastructure;case_2023_port_of_nagoya_cyberattack;case_2017_notpetya_shipping_logistics_cyberattack,"Channel support inherited from transmission node 'ports', which is a first-order (directly implicated) node corroborated by 3 retrieved case(s). China Merchants Port Holdings Company Limited maps to this supported channel but is not individually named. Risk watchlist candidate, not a trading signal. This does not predict price movement.",,,0.0003047422926496478,0.010898214930735695,positive,False,,2025-10-21,0.0016862794235012024,0.005810026941609147
candidate_eaccce38b750,2025-10-21,cyberattack critical infrastructure,XLE,energy,ETF,georisk,first_order,0.64,sector_proxy,case_cyberattack_pipeline_port_infrastructure,"Channel support inherited from transmission node 'energy', which is a first-order (directly implicated) node corroborated by 1 retrieved case(s). Energy Select Sector SPDR Fund maps to this supported channel but is not individually named. Risk watchlist candidate, not a trading signal. This does not predict price movement.",,,0.01762589006063737,0.9301691531811743,positive,False,,2025-10-21,0.0003539688591990438,0.4624346119627503
candidate_eaccce38b750,2025-10-21,cyberattack critical infrastructure,XOM,energy,Stock,georisk,first_order,0.64,sector_proxy,case_cyberattack_pipeline_port_infrastructure,"Channel support inherited from transmission node 'energy', which is a first-order (directly implicated) node corroborated by 1 retrieved case(s). Exxon Mobil Corporation maps to this supported channel but is not individually named. Risk watchlist candidate, not a trading signal. This does not predict price movement.",,,0.018836128743507485,0.8485293110210902,positive,False,,2025-10-21,0.0006475349918756367,0.22231346990047268
candidate_eaccce38b750,2025-10-21,cyberattack critical infrastructure,DE,manufacturing_inputs,Stock,georisk,second_order,0.64,sector_proxy,case_2023_port_of_nagoya_cyberattack;case_2017_notpetya_shipping_logistics_cyberattack,"Channel support inherited from transmission node 'manufacturing_inputs', which is a second-order (analog-corroborated) node corroborated by 2 retrieved case(s). Deere & Company maps to this supported channel but is not individually named. Risk watchlist candidate, not a trading signal. This does not predict price movement.",,,0.00861796627194641,0.36634225560055506,positive,False,,2025-10-21,-0.001511704109857811,0.842283173690333
candidate_eaccce38b750,2025-10-21,cyberattack critical infrastructure,CAT,manufacturing_inputs,Stock,georisk,second_order,0.64,sector_proxy,case_2023_port_of_nagoya_cyberattack;case_2017_notpetya_shipping_logistics_cyberattack,"Channel support inherited from transmission node 'manufacturing_inputs', which is a second-order (analog-corroborated) node corroborated by 2 retrieved case(s). Caterpillar Inc maps to this supported channel but is not individually named. Risk watchlist candidate, not a trading signal. This does not predict price movement.",,,-0.03426735385533606,-1.9109130794315006,negative,False,,2025-10-21,0.0018695375147043192,1.2664316638460522
candidate_eaccce38b750,2025-10-21,cyberattack critical infrastructure,KNIN.SW,logistics,Stock,georisk,first_order,0.64,sector_proxy,case_cyberattack_pipeline_port_infrastructure;case_2023_port_of_nagoya_cyberattack;case_2017_notpetya_shipping_logistics_cyberattack,"Channel support inherited from transmission node 'logistics', which is a first-order (directly implicated) node corroborated by 3 retrieved case(s). Kuehne + Nagel International AG maps to this supported channel but is not individually named. Risk watchlist candidate, not a trading signal. This does not predict price movement.",,,0.007165356694850892,0.24887449537727793,positive,False,,2025-10-21,9.749096742845088e-05,-0.17961305260149776
candidate_eaccce38b750,2025-10-21,cyberattack critical infrastructure,JBHT,logistics,Stock,georisk,first_order,0.64,sector_proxy,case_cyberattack_pipeline_port_infrastructure;case_2023_port_of_nagoya_cyberattack;case_2017_notpetya_shipping_logistics_cyberattack,"Channel support inherited from transmission node 'logistics', which is a first-order (directly implicated) node corroborated by 3 retrieved case(s). J B Hunt Transport Services Inc maps to this supported channel but is not individually named. Risk watchlist candidate, not a trading signal. This does not predict price movement.",,,0.021746639348727337,0.7342131946936233,positive,False,,2025-10-21,-0.0025669831793669784,1.5930286912982925
candidate_eaccce38b750,2025-10-21,cyberattack critical infrastructure,CIBR,cyber_infrastructure,ETF,georisk,first_order,0.64,sector_proxy,case_cyberattack_pipeline_port_infrastructure;case_2023_port_of_nagoya_cyberattack;case_2017_notpetya_shipping_logistics_cyberattack,"Channel support inherited from transmission node 'cyber_infrastructure', which is a first-order (directly implicated) node corroborated by 3 retrieved case(s). First Trust NASDAQ Cybersecurity ETF maps to this supported channel but is not individually named. Risk watchlist candidate, not a trading signal. This does not predict price movement.",,,0.01326604970804926,0.9670312988804872,positive,False,,2025-10-21,-0.00018983027885919807,1.004130890525221
candidate_eaccce38b750,2025-10-21,cyberattack critical infrastructure,CRWD,cyber_infrastructure,Stock,georisk,first_order,0.64,sector_proxy,case_cyberattack_pipeline_port_infrastructure;case_2023_port_of_nagoya_cyberattack;case_2017_notpetya_shipping_logistics_cyberattack,"Channel support inherited from transmission node 'cyber_infrastructure', which is a first-order (directly implicated) node corroborated by 3 retrieved case(s). CrowdStrike Holdings Inc maps to this supported channel but is not individually named. Risk watchlist candidate, not a trading signal. This does not predict price movement.",,,0.025763507864946668,0.6829544027003087,positive,False,,2025-10-21,-0.00042943925630790637,1.484800999342482
candidate_eaccce38b750,2025-10-21,cyberattack critical infrastructure,ENB,pipeline_infrastructure,Stock,georisk,first_order,0.64,sector_proxy,case_cyberattack_pipeline_port_infrastructure,"Channel support inherited from transmission node 'pipeline_infrastructure', which is a first-order (directly implicated) node corroborated by 1 retrieved case(s). Enbridge Inc maps to this supported channel but is not individually named. Risk watchlist candidate, not a trading signal. This does not predict price movement.",,,0.009545740578839085,0.583278242500043,positive,False,,2025-10-21,0.001442245650220793,-0.1026000904333104
candidate_eaccce38b750,2025-10-21,cyberattack critical infrastructure,TRP.TO,pipeline_infrastructure,Stock,georisk,first_order,0.64,sector_proxy,case_cyberattack_pipeline_port_infrastructure,"Channel support inherited from transmission node 'pipeline_infrastructure', which is a first-order (directly implicated) node corroborated by 1 retrieved case(s). TC Energy Corporation maps to this supported channel but is not individually named. Risk watchlist candidate, not a trading signal. This does not predict price movement.",,,0.0006514496533157202,0.03507552834630904,positive,False,,2025-10-21,0.0012764444816528628,0.2100802144891586
candidate_eaccce38b750,2025-10-21,cyberattack critical infrastructure,QQQ,broad_market_growth,equity_etf,baseline,,,,,,fixed_broad_market_baseline,,-0.003930047230459902,-0.8302530715801966,negative,False,,2025-10-21,0.0002039382032550661,1.1613392419281516
candidate_eaccce38b750,2025-10-21,cyberattack critical infrastructure,XLF,financials,equity_etf,baseline,,,,,,fixed_sector_baseline,,0.001698002267725564,0.19706486072908252,positive,False,,2025-10-21,-0.0005234945984412812,0.9132928089949424
candidate_eaccce38b750,2025-10-21,cyberattack critical infrastructure,XLV,healthcare,equity_etf,baseline,,,,,,fixed_sector_baseline,,0.017534826997942128,1.0234754776300845,positive,False,,2025-10-21,-0.0007852520604212162,0.674351088982912
candidate_a126990eefca,2025-10-25,cyberattack critical infrastructure,DAC,container_shipping,Stock,georisk,second_order,0.64,sector_proxy,case_2017_notpetya_shipping_logistics_cyberattack;case_2023_dp_world_australia_cyber_port_disruption,"Channel support inherited from transmission node 'container_shipping', which is a second-order (analog-corroborated) node corroborated by 2 retrieved case(s). Danaos Corporation maps to this supported channel but is not individually named. Risk watchlist candidate, not a trading signal. This does not predict price movement.",,,0.009657374486828185,0.4212409672513702,positive,False,,2025-10-27,-5.72930503004663e-05,0.5120420396436647
candidate_a126990eefca,2025-10-25,cyberattack critical infrastructure,MAERSK-B.CO,container_shipping,Stock,georisk,second_order,0.64,sector_proxy,case_2017_notpetya_shipping_logistics_cyberattack;case_2023_dp_world_australia_cyber_port_disruption,"Channel support inherited from transmission node 'container_shipping', which is a second-order (analog-corroborated) node corroborated by 2 retrieved case(s). A P Moller Maersk Class B maps to this supported channel but is not individually named. Risk watchlist candidate, not a trading signal. This does not predict price movement.",,,0.019846676564686826,0.49652883144163174,positive,False,,2025-10-27,0.0008074714843490788,0.6197278983810364
candidate_a126990eefca,2025-10-25,cyberattack critical infrastructure,FDX,freight_routes,Stock,georisk,first_order,0.64,sector_proxy,case_cyberattack_pipeline_port_infrastructure;case_2017_notpetya_shipping_logistics_cyberattack;case_2023_dp_world_australia_cyber_port_disruption,"Channel support inherited from transmission node 'freight_routes', which is a first-order (directly implicated) node corroborated by 3 retrieved case(s). FedEx Corporation maps to this supported channel but is not individually named. Risk watchlist candidate, not a trading signal. This does not predict price movement.",,,0.020593637299700884,0.8361848197813182,positive,False,,2025-10-27,-0.0019168627104772754,1.4263437704451012
candidate_a126990eefca,2025-10-25,cyberattack critical infrastructure,UPS,freight_routes,Stock,georisk,first_order,0.64,sector_proxy,case_cyberattack_pipeline_port_infrastructure;case_2017_notpetya_shipping_logistics_cyberattack;case_2023_dp_world_australia_cyber_port_disruption,"Channel support inherited from transmission node 'freight_routes', which is a first-order (directly implicated) node corroborated by 3 retrieved case(s). United Parcel Service Inc maps to this supported channel but is not individually named. Risk watchlist candidate, not a trading signal. This does not predict price movement.",,,0.08924038821799495,3.5214493707548886,positive,True,,2025-10-27,-0.0032448958717526994,1.1329749357697858
candidate_a126990eefca,2025-10-25,cyberattack critical infrastructure,1199.HK,ports,Stock,georisk,first_order,0.64,sector_proxy,case_cyberattack_pipeline_port_infrastructure;case_2017_notpetya_shipping_logistics_cyberattack;case_2023_dp_world_australia_cyber_port_disruption,"Channel support inherited from transmission node 'ports', which is a first-order (directly implicated) node corroborated by 3 retrieved case(s). COSCO SHIPPING Ports Limited maps to this supported channel but is not individually named. Risk watchlist candidate, not a trading signal. This does not predict price movement.",,,-0.00402894301986547,-0.12113122608339479,negative,False,,2025-10-27,0.002856625971066099,0.25882030584099375
candidate_a126990eefca,2025-10-25,cyberattack critical infrastructure,0144.HK,ports,Stock,georisk,first_order,0.64,sector_proxy,case_cyberattack_pipeline_port_infrastructure;case_2017_notpetya_shipping_logistics_cyberattack;case_2023_dp_world_australia_cyber_port_disruption,"Channel support inherited from transmission node 'ports', which is a first-order (directly implicated) node corroborated by 3 retrieved case(s). China Merchants Port Holdings Company Limited maps to this supported channel but is not individually named. Risk watchlist candidate, not a trading signal. This does not predict price movement.",,,-0.005390018925385146,-0.2678350551191503,negative,False,,2025-10-27,0.002356385395343644,0.13284008288901003
candidate_a126990eefca,2025-10-25,cyberattack critical infrastructure,XLE,energy,ETF,georisk,first_order,0.64,sector_proxy,case_cyberattack_pipeline_port_infrastructure,"Channel support inherited from transmission node 'energy', which is a first-order (directly implicated) node corroborated by 1 retrieved case(s). Energy Select Sector SPDR Fund maps to this supported channel but is not individually named. Risk watchlist candidate, not a trading signal. This does not predict price movement.",,,-0.029743532841056134,-1.6012231211704318,negative,False,,2025-10-27,-0.00030472597806514623,0.5526800737099233
candidate_a126990eefca,2025-10-25,cyberattack critical infrastructure,XOM,energy,Stock,georisk,first_order,0.64,sector_proxy,case_cyberattack_pipeline_port_infrastructure,"Channel support inherited from transmission node 'energy', which is a first-order (directly implicated) node corroborated by 1 retrieved case(s). Exxon Mobil Corporation maps to this supported channel but is not individually named. Risk watchlist candidate, not a trading signal. This does not predict price movement.",,,-0.015506628622488994,-0.7103281936771515,negative,False,,2025-10-27,6.949043123394103e-05,0.3150596060876427
candidate_a126990eefca,2025-10-25,cyberattack critical infrastructure,KNIN.SW,logistics,Stock,georisk,first_order,0.64,sector_proxy,case_cyberattack_pipeline_port_infrastructure;case_2017_notpetya_shipping_logistics_cyberattack;case_2023_dp_world_australia_cyber_port_disruption,"Channel support inherited from transmission node 'logistics', which is a first-order (directly implicated) node corroborated by 3 retrieved case(s). Kuehne + Nagel International AG maps to this supported channel but is not individually named. Risk watchlist candidate, not a trading signal. This does not predict price movement.",,,0.004097752718227567,0.16039534098126706,positive,False,,2025-10-27,-0.0020577824785424294,0.5772496199689953
candidate_a126990eefca,2025-10-25,cyberattack critical infrastructure,JBHT,logistics,Stock,georisk,first_order,0.64,sector_proxy,case_cyberattack_pipeline_port_infrastructure;case_2017_notpetya_shipping_logistics_cyberattack;case_2023_dp_world_australia_cyber_port_disruption,"Channel support inherited from transmission node 'logistics', which is a first-order (directly implicated) node corroborated by 3 retrieved case(s). J B Hunt Transport Services Inc maps to this supported channel but is not individually named. Risk watchlist candidate, not a trading signal. This does not predict price movement.",,,-0.02821838732106179,-0.9720490482047134,negative,False,,2025-10-27,-0.0023880771463625303,1.5250074684718824
candidate_a126990eefca,2025-10-25,cyberattack critical infrastructure,CIBR,cyber_infrastructure,ETF,georisk,first_order,0.64,sector_proxy,case_cyberattack_pipeline_port_infrastructure;case_2017_notpetya_shipping_logistics_cyberattack;case_2023_dp_world_australia_cyber_port_disruption,"Channel support inherited from transmission node 'cyber_infrastructure', which is a first-order (directly implicated) node corroborated by 3 retrieved case(s). First Trust NASDAQ Cybersecurity ETF maps to this supported channel but is not individually named. Risk watchlist candidate, not a trading signal. This does not predict price movement.",,,-0.014224394105294568,-1.025960258194947,negative,False,,2025-10-27,-0.00021709693803708495,1.0618800320099158
candidate_a126990eefca,2025-10-25,cyberattack critical infrastructure,CRWD,cyber_infrastructure,Stock,georisk,first_order,0.64,sector_proxy,case_cyberattack_pipeline_port_infrastructure;case_2017_notpetya_shipping_logistics_cyberattack;case_2023_dp_world_australia_cyber_port_disruption,"Channel support inherited from transmission node 'cyber_infrastructure', which is a first-order (directly implicated) node corroborated by 3 retrieved case(s). CrowdStrike Holdings Inc maps to this supported channel but is not individually named. Risk watchlist candidate, not a trading signal. This does not predict price movement.",,,0.013690291662142721,0.3624040906773169,positive,False,,2025-10-27,-0.0002078913837680672,1.5125722002746806
candidate_a126990eefca,2025-10-25,cyberattack critical infrastructure,ENB,pipeline_infrastructure,Stock,georisk,first_order,0.64,sector_proxy,case_cyberattack_pipeline_port_infrastructure,"Channel support inherited from transmission node 'pipeline_infrastructure', which is a first-order (directly implicated) node corroborated by 1 retrieved case(s). Enbridge Inc maps to this supported channel but is not individually named. Risk watchlist candidate, not a trading signal. This does not predict price movement.",,,-0.0029609438254786886,-0.17890169440137094,negative,False,,2025-10-27,0.0009485113348861753,-0.07694802135943093
candidate_a126990eefca,2025-10-25,cyberattack critical infrastructure,TRP.TO,pipeline_infrastructure,Stock,georisk,first_order,0.64,sector_proxy,case_cyberattack_pipeline_port_infrastructure,"Channel support inherited from transmission node 'pipeline_infrastructure', which is a first-order (directly implicated) node corroborated by 1 retrieved case(s). TC Energy Corporation maps to this supported channel but is not individually named. Risk watchlist candidate, not a trading signal. This does not predict price movement.",,,-0.009960188929873442,-0.5569497061603161,negative,False,,2025-10-27,0.0011737453899626669,0.0014082594697150622
candidate_a126990eefca,2025-10-25,cyberattack critical infrastructure,QQQ,broad_market_growth,equity_etf,baseline,,,,,,fixed_broad_market_baseline,,0.008860891887034109,1.8789730814534045,positive,False,,2025-10-27,0.0002118487112180143,1.179200859334518
candidate_a126990eefca,2025-10-25,cyberattack critical infrastructure,XLF,financials,equity_etf,baseline,,,,,,fixed_sector_baseline,,-0.009860530245476729,-1.1338470309126105,negative,False,,2025-10-27,-0.0007189271710427423,0.9119103168072857
candidate_a126990eefca,2025-10-25,cyberattack critical infrastructure,XLV,healthcare,equity_etf,baseline,,,,,,fixed_sector_baseline,,-0.016331208984302775,-0.9522722752926095,negative,False,,2025-10-27,-0.0006838025296166645,0.6345297617434322
candidate_4ead99ff6140,2025-11-05,cyberattack critical infrastructure,FDX,freight_routes,Stock,georisk,first_order,0.64,sector_proxy,case_cyberattack_pipeline_port_infrastructure;case_2023_port_of_nagoya_cyberattack;case_2017_notpetya_shipping_logistics_cyberattack,"Channel support inherited from transmission node 'freight_routes', which is a first-order (directly implicated) node corroborated by 3 retrieved case(s). FedEx Corporation maps to this supported channel but is not individually named. Risk watchlist candidate, not a trading signal. This does not predict price movement.",,,0.05619742946669794,2.3227694512726353,positive,True,,2025-11-05,-0.0011567820731876012,1.547453892071968
candidate_4ead99ff6140,2025-11-05,cyberattack critical infrastructure,UPS,freight_routes,Stock,georisk,first_order,0.64,sector_proxy,case_cyberattack_pipeline_port_infrastructure;case_2023_port_of_nagoya_cyberattack;case_2017_notpetya_shipping_logistics_cyberattack,"Channel support inherited from transmission node 'freight_routes', which is a first-order (directly implicated) node corroborated by 3 retrieved case(s). United Parcel Service Inc maps to this supported channel but is not individually named. Risk watchlist candidate, not a trading signal. This does not predict price movement.",,,0.024752121427060333,0.9722287000097553,positive,False,,2025-11-05,-0.002256166921601192,1.209929442503689
candidate_4ead99ff6140,2025-11-05,cyberattack critical infrastructure,1199.HK,ports,Stock,georisk,first_order,0.64,sector_proxy,case_cyberattack_pipeline_port_infrastructure;case_2023_port_of_nagoya_cyberattack;case_2017_notpetya_shipping_logistics_cyberattack,"Channel support inherited from transmission node 'ports', which is a first-order (directly implicated) node corroborated by 3 retrieved case(s). COSCO SHIPPING Ports Limited maps to this supported channel but is not individually named. Risk watchlist candidate, not a trading signal. This does not predict price movement.",,,-0.015663082920275122,-0.4699172216674501,negative,False,,2025-11-05,0.0029147619580089197,0.24161934131947901
candidate_4ead99ff6140,2025-11-05,cyberattack critical infrastructure,0144.HK,ports,Stock,georisk,first_order,0.64,sector_proxy,case_cyberattack_pipeline_port_infrastructure;case_2023_port_of_nagoya_cyberattack;case_2017_notpetya_shipping_logistics_cyberattack,"Channel support inherited from transmission node 'ports', which is a first-order (directly implicated) node corroborated by 3 retrieved case(s). China Merchants Port Holdings Company Limited maps to this supported channel but is not individually named. Risk watchlist candidate, not a trading signal. This does not predict price movement.",,,-0.011992178270139393,-0.6077709144575266,negative,False,,2025-11-05,0.0025730078122076874,-0.021443712901479377
candidate_4ead99ff6140,2025-11-05,cyberattack critical infrastructure,XLE,energy,ETF,georisk,first_order,0.64,sector_proxy,case_cyberattack_pipeline_port_infrastructure,"Channel support inherited from transmission node 'energy', which is a first-order (directly implicated) node corroborated by 1 retrieved case(s). Energy Select Sector SPDR Fund maps to this supported channel but is not individually named. Risk watchlist candidate, not a trading signal. This does not predict price movement.",,,0.011410189609636556,0.6310527522800248,positive,False,,2025-11-05,7.050104345859689e-05,0.5251177132965228
candidate_4ead99ff6140,2025-11-05,cyberattack critical infrastructure,XOM,energy,Stock,georisk,first_order,0.64,sector_proxy,case_cyberattack_pipeline_port_infrastructure,"Channel support inherited from transmission node 'energy', which is a first-order (directly implicated) node corroborated by 1 retrieved case(s). Exxon Mobil Corporation maps to this supported channel but is not individually named. Risk watchlist candidate, not a trading signal. This does not predict price movement.",,,0.009719443732650466,0.4533979486105896,positive,False,,2025-11-05,0.0005130878823699849,0.24769410444261353
candidate_4ead99ff6140,2025-11-05,cyberattack critical infrastructure,DE,manufacturing_inputs,Stock,georisk,second_order,0.64,sector_proxy,case_2023_port_of_nagoya_cyberattack;case_2017_notpetya_shipping_logistics_cyberattack,"Channel support inherited from transmission node 'manufacturing_inputs', which is a second-order (analog-corroborated) node corroborated by 2 retrieved case(s). Deere & Company maps to this supported channel but is not individually named. Risk watchlist candidate, not a trading signal. This does not predict price movement.",,,0.045181537911528735,1.8587978246581425,positive,False,,2025-11-05,-0.0009832290052631005,0.7002135300918847
candidate_4ead99ff6140,2025-11-05,cyberattack critical infrastructure,CAT,manufacturing_inputs,Stock,georisk,second_order,0.64,sector_proxy,case_2023_port_of_nagoya_cyberattack;case_2017_notpetya_shipping_logistics_cyberattack,"Channel support inherited from transmission node 'manufacturing_inputs', which is a second-order (analog-corroborated) node corroborated by 2 retrieved case(s). Caterpillar Inc maps to this supported channel but is not individually named. Risk watchlist candidate, not a trading signal. This does not predict price movement.",,,0.01771222932439725,0.8690959983597872,positive,False,,2025-11-05,0.0023093100891070114,1.2798976368014319
candidate_4ead99ff6140,2025-11-05,cyberattack critical infrastructure,KNIN.SW,logistics,Stock,georisk,first_order,0.64,sector_proxy,case_cyberattack_pipeline_port_infrastructure;case_2023_port_of_nagoya_cyberattack;case_2017_notpetya_shipping_logistics_cyberattack,"Channel support inherited from transmission node 'logistics', which is a first-order (directly implicated) node corroborated by 3 retrieved case(s). Kuehne + Nagel International AG maps to this supported channel but is not individually named. Risk watchlist candidate, not a trading signal. This does not predict price movement.",,,-0.0013704271683729046,-0.05543332905317695,negative,False,,2025-11-05,-0.0021010484443367535,0.513126047993649
candidate_4ead99ff6140,2025-11-05,cyberattack critical infrastructure,JBHT,logistics,Stock,georisk,first_order,0.64,sector_proxy,case_cyberattack_pipeline_port_infrastructure;case_2023_port_of_nagoya_cyberattack;case_2017_notpetya_shipping_logistics_cyberattack,"Channel support inherited from transmission node 'logistics', which is a first-order (directly implicated) node corroborated by 3 retrieved case(s). J B Hunt Transport Services Inc maps to this supported channel but is not individually named. Risk watchlist candidate, not a trading signal. This does not predict price movement.",,,0.020490146480669484,0.4380468371064575,positive,False,,2025-11-05,0.00038508851240946323,1.3406681119154182
candidate_4ead99ff6140,2025-11-05,cyberattack critical infrastructure,CIBR,cyber_infrastructure,ETF,georisk,first_order,0.64,sector_proxy,case_cyberattack_pipeline_port_infrastructure;case_2023_port_of_nagoya_cyberattack;case_2017_notpetya_shipping_logistics_cyberattack,"Channel support inherited from transmission node 'cyber_infrastructure', which is a first-order (directly implicated) node corroborated by 3 retrieved case(s). First Trust NASDAQ Cybersecurity ETF maps to this supported channel but is not individually named. Risk watchlist candidate, not a trading signal. This does not predict price movement.",,,-0.013076371934064116,-0.9416829733152015,negative,False,,2025-11-05,-0.0004933507193260914,1.0642990418340144
candidate_4ead99ff6140,2025-11-05,cyberattack critical infrastructure,CRWD,cyber_infrastructure,Stock,georisk,first_order,0.64,sector_proxy,case_cyberattack_pipeline_port_infrastructure;case_2023_port_of_nagoya_cyberattack;case_2017_notpetya_shipping_logistics_cyberattack,"Channel support inherited from transmission node 'cyber_infrastructure', which is a first-order (directly implicated) node corroborated by 3 retrieved case(s). CrowdStrike Holdings Inc maps to this supported channel but is not individually named. Risk watchlist candidate, not a trading signal. This does not predict price movement.",,,-0.005226601025769502,-0.14001196213140896,negative,False,,2025-11-05,-0.0007791573324028584,1.4473708227994453
candidate_4ead99ff6140,2025-11-05,cyberattack critical infrastructure,ENB,pipeline_infrastructure,Stock,georisk,first_order,0.64,sector_proxy,case_cyberattack_pipeline_port_infrastructure,"Channel support inherited from transmission node 'pipeline_infrastructure', which is a first-order (directly implicated) node corroborated by 1 retrieved case(s). Enbridge Inc maps to this supported channel but is not individually named. Risk watchlist candidate, not a trading signal. This does not predict price movement.",,,4.307990011923144e-05,0.0026632070946108408,positive,False,,2025-11-05,0.0007467600581688684,-0.17369695602363108
candidate_4ead99ff6140,2025-11-05,cyberattack critical infrastructure,TRP.TO,pipeline_infrastructure,Stock,georisk,first_order,0.64,sector_proxy,case_cyberattack_pipeline_port_infrastructure,"Channel support inherited from transmission node 'pipeline_infrastructure', which is a first-order (directly implicated) node corroborated by 1 retrieved case(s). TC Energy Corporation maps to this supported channel but is not individually named. Risk watchlist candidate, not a trading signal. This does not predict price movement.",,,0.0076553583830535005,0.44259368049029285,positive,False,,2025-11-05,0.0009810669144826982,-0.14505653881478325
candidate_4ead99ff6140,2025-11-05,cyberattack critical infrastructure,QQQ,broad_market_growth,equity_etf,baseline,,,,,,fixed_broad_market_baseline,,-0.01037202709315214,-2.192565120672219,negative,True,,2025-11-05,0.00016072591895838247,1.1783824457086947
candidate_4ead99ff6140,2025-11-05,cyberattack critical infrastructure,XLF,financials,equity_etf,baseline,,,,,,fixed_sector_baseline,,0.025266844523604476,2.7655736469806835,positive,True,,2025-11-05,-0.0008105837394743312,0.9329697128049954
candidate_4ead99ff6140,2025-11-05,cyberattack critical infrastructure,XLV,healthcare,equity_etf,baseline,,,,,,fixed_sector_baseline,,0.02390019195977748,1.3914634068910805,positive,False,,2025-11-05,-0.0005541540770254299,0.6254073446983214
candidate_ff6378fbb36b,2025-11-09,critical minerals resource restrictions,SPY,broad_etf,ETF,georisk,first_order,0.35,inference_only,,"SPDR S&P 500 ETF Trust is mapped from asset_mapping.csv via node 'broad_etf' (a first-order (directly implicated) node), but retrieved cases do not corroborate this channel. Inference-only risk watchlist candidate, not a trading signal. This does not predict price movement.",,,,,,False,asset_equals_benchmark,,,
